CD_MUNICIPIO,NM_MUNICIPIO,NR_ZONA,NR_SECAO,NR_LOCAL_VOTACAO,QT_ELEITORES,QT_ELEITORES_BIOMETRIA,QT_ELEITORES_DEFICIENCIA,QT_ELEITORES_NOME_SOCIAL
01007,BUJARI,9,1,1104,308,288,2,0
01007,BUJARI,9,2,1104,311,292,0,0
01007,BUJARI,9,3,1104,304,293,4,0
01007,BUJARI,9,4,1104,303,282,1,0
01007,BUJARI,9,5,1112,329,324,3,0
01007,BUJARI,9,6,1112,326,324,2,0
01007,BUJARI,9,7,1023,202,202,0,0
01007,BUJARI,9,8,1023,206,206,1,0
01007,BUJARI,9,9,1023,207,206,5,0
01007,BUJARI,9,10,1023,203,203,1,0
01007,BUJARI,9,120,1112,328,327,3,0
01007,BUJARI,9,136,1023,198,198,1,0
01007,BUJARI,9,137,1112,323,320,4,0
01007,BUJARI,9,163,1040,208,202,3,0
01007,BUJARI,9,186,1112,330,327,2,0
01007,BUJARI,9,192,1058,312,305,3,0
01007,BUJARI,9,200,1066,226,226,1,0
01007,BUJARI,9,201,1074,175,175,0,0
01007,BUJARI,9,202,1058,309,302,3,0
01007,BUJARI,9,208,1058,306,301,1,0
01007,BUJARI,9,212,1082,314,310,3,0
01007,BUJARI,9,237,1082,311,303,8,0
01007,BUJARI,9,242,1090,242,241,3,0
01007,BUJARI,9,252,1090,245,244,4,0
01007,BUJARI,9,304,1112,323,321,4,0
01007,BUJARI,9,305,1104,294,259,3,0
01007,BUJARI,9,310,1066,226,212,5,0
01007,BUJARI,9,411,1090,242,224,4,0
01007,BUJARI,9,412,1112,329,325,6,0
01007,BUJARI,9,413,1074,173,164,2,0
01007,BUJARI,9,419,1104,301,267,2,0
01007,BUJARI,9,436,1120,280,280,6,0
01007,BUJARI,9,437,1120,286,251,10,1
01007,BUJARI,9,439,1023,203,175,7,0
01007,BUJARI,9,440,1023,209,183,3,0
01007,BUJARI,9,441,1112,328,201,12,1
01007,BUJARI,9,442,1147,209,189,1,0
01007,BUJARI,9,475,1104,301,291,2,0
01007,BUJARI,9,476,1120,297,295,9,0
01007,BUJARI,9,477,1112,325,323,13,0
01007,BUJARI,9,479,1104,296,286,2,0
01015,CAPIXABA,2,65,1015,275,258,7,0
01015,CAPIXABA,2,66,1015,280,267,3,0
01015,CAPIXABA,2,67,1015,284,268,2,0
01015,CAPIXABA,2,68,1015,280,267,5,0
01015,CAPIXABA,2,69,1023,251,246,4,0
01015,CAPIXABA,2,70,1023,249,242,2,0
01015,CAPIXABA,2,71,1023,251,235,3,0
01015,CAPIXABA,2,72,1023,249,236,3,0
01015,CAPIXABA,2,73,1058,209,198,3,0
01015,CAPIXABA,2,74,1058,226,211,5,0
01015,CAPIXABA,2,75,1058,233,216,5,0
01015,CAPIXABA,2,77,1058,228,215,2,0
01015,CAPIXABA,2,78,1058,228,216,3,0
01015,CAPIXABA,2,79,1066,235,226,5,0
01015,CAPIXABA,2,80,1066,236,227,1,0
01015,CAPIXABA,2,81,1066,233,225,4,0
01015,CAPIXABA,2,82,1066,234,220,5,0
01015,CAPIXABA,2,87,1104,155,140,1,0
01015,CAPIXABA,2,88,1112,197,183,2,0
01015,CAPIXABA,2,89,1112,195,186,5,0
01015,CAPIXABA,2,90,1120,253,240,4,0
01015,CAPIXABA,2,91,1120,251,238,3,0
01015,CAPIXABA,2,92,1120,254,238,1,0
01015,CAPIXABA,2,93,1120,252,241,1,0
01015,CAPIXABA,2,94,1015,278,263,5,0
01015,CAPIXABA,2,95,1015,275,256,5,0
01015,CAPIXABA,2,101,1228,122,115,2,0
01015,CAPIXABA,2,102,1236,207,203,4,0
01015,CAPIXABA,2,103,1236,204,199,7,0
01015,CAPIXABA,2,105,1023,246,241,6,0
01015,CAPIXABA,2,106,1236,207,170,3,0
01015,CAPIXABA,2,107,1015,285,214,4,0
01015,CAPIXABA,2,109,1066,232,218,1,0
01015,CAPIXABA,2,111,1120,259,259,7,0
01015,CAPIXABA,2,112,1104,111,111,2,0
01023,PORTO ACRE,1,576,1015,255,238,3,0
01023,PORTO ACRE,1,577,1015,257,239,5,0
01023,PORTO ACRE,1,578,1015,263,251,6,0
01023,PORTO ACRE,1,579,1015,258,237,10,0
01023,PORTO ACRE,1,580,1015,257,231,7,0
01023,PORTO ACRE,1,581,1015,261,235,9,0
01023,PORTO ACRE,1,582,1015,261,240,4,0
01023,PORTO ACRE,1,583,1023,268,257,3,0
01023,PORTO ACRE,1,584,1023,268,259,4,0
01023,PORTO ACRE,1,585,1023,262,249,3,0
01023,PORTO ACRE,1,586,1023,268,263,6,0
01023,PORTO ACRE,1,587,1023,269,263,1,0
01023,PORTO ACRE,1,588,1023,270,256,3,0
01023,PORTO ACRE,1,589,1031,244,233,9,0
01023,PORTO ACRE,1,590,1031,244,232,3,0
01023,PORTO ACRE,1,591,1031,247,236,7,0
01023,PORTO ACRE,1,592,1031,243,229,4,0
01023,PORTO ACRE,1,593,1031,244,233,7,0
01023,PORTO ACRE,1,594,1031,246,232,5,0
01023,PORTO ACRE,1,595,1031,248,233,1,0
01023,PORTO ACRE,1,596,1040,183,183,2,0
01023,PORTO ACRE,1,597,1040,104,89,5,0
01023,PORTO ACRE,1,598,1066,266,249,4,0
01023,PORTO ACRE,1,599,1066,268,257,9,0
01023,PORTO ACRE,1,600,1066,266,252,6,0
01023,PORTO ACRE,1,601,1074,152,149,4,0
01023,PORTO ACRE,1,602,1074,151,144,0,0
01023,PORTO ACRE,1,603,1074,153,141,3,0
01023,PORTO ACRE,1,604,1082,250,230,4,0
01023,PORTO ACRE,1,605,1082,254,229,2,0
01023,PORTO ACRE,1,606,1082,249,226,7,0
01023,PORTO ACRE,1,607,1082,255,240,5,0
01023,PORTO ACRE,1,608,1082,256,234,3,0
01023,PORTO ACRE,1,609,1082,251,227,2,0
01023,PORTO ACRE,1,610,1090,223,214,5,0
01023,PORTO ACRE,1,611,1090,221,216,4,0
01023,PORTO ACRE,1,612,1031,248,248,5,0
01023,PORTO ACRE,1,613,1031,246,243,5,0
01023,PORTO ACRE,1,614,1112,236,226,5,0
01023,PORTO ACRE,1,615,1112,230,214,3,0
01023,PORTO ACRE,1,616,1139,273,266,3,0
01023,PORTO ACRE,1,617,1139,268,257,1,0
01023,PORTO ACRE,1,618,1139,271,259,6,0
01023,PORTO ACRE,1,619,1147,257,239,7,0
01023,PORTO ACRE,1,620,1163,229,204,2,0
01023,PORTO ACRE,1,621,1163,236,174,2,0
01023,PORTO ACRE,1,622,1171,161,149,1,0
01023,PORTO ACRE,1,623,1180,278,274,6,0
01023,PORTO ACRE,1,624,1198,216,216,3,0
01023,PORTO ACRE,1,625,1198,211,205,3,0
01023,PORTO ACRE,1,626,1198,197,193,1,0
01023,PORTO ACRE,1,627,1201,192,191,1,0
01023,PORTO ACRE,1,628,1201,193,193,1,0
01023,PORTO ACRE,1,629,1201,191,174,4,0
01023,PORTO ACRE,1,630,1210,222,222,4,0
01023,PORTO ACRE,1,631,1210,223,207,2,0
01023,PORTO ACRE,1,797,1082,252,246,6,0
01023,PORTO ACRE,1,799,1171,132,122,5,0
01023,PORTO ACRE,1,841,1228,39,37,2,0
01023,PORTO ACRE,1,844,1120,74,74,5,0
01023,PORTO ACRE,1,847,1198,62,62,0,0
01023,PORTO ACRE,1,851,1163,233,232,5,0
01023,PORTO ACRE,1,853,1023,263,263,4,0
01031,SANTA ROSA DO PURUS,3,58,1023,259,255,1,0
01031,SANTA ROSA DO PURUS,3,60,1015,289,285,2,0
01031,SANTA ROSA DO PURUS,3,65,1015,281,271,1,0
01031,SANTA ROSA DO PURUS,3,72,1015,222,219,1,0
01031,SANTA ROSA DO PURUS,3,76,1015,287,281,0,0
01031,SANTA ROSA DO PURUS,3,77,1040,237,230,0,0
01031,SANTA ROSA DO PURUS,3,87,1040,235,230,1,0
01031,SANTA ROSA DO PURUS,3,88,1023,255,253,1,0
01031,SANTA ROSA DO PURUS,3,95,1058,167,158,1,0
01031,SANTA ROSA DO PURUS,3,96,1066,158,156,0,0
01031,SANTA ROSA DO PURUS,3,122,1015,213,202,0,0
01031,SANTA ROSA DO PURUS,3,124,1066,159,155,1,0
01031,SANTA ROSA DO PURUS,3,125,1082,237,236,2,0
01031,SANTA ROSA DO PURUS,3,140,1058,166,155,0,0
01031,SANTA ROSA DO PURUS,3,152,1082,228,207,3,0
01031,SANTA ROSA DO PURUS,3,157,1082,232,202,2,0
01031,SANTA ROSA DO PURUS,3,170,1015,211,211,1,0
01031,SANTA ROSA DO PURUS,3,172,1023,125,125,1,0
01040,MARECHAL THAUMATURGO,4,73,1015,279,252,0,0
01040,MARECHAL THAUMATURGO,4,74,1023,275,251,0,0
01040,MARECHAL THAUMATURGO,4,75,1023,275,239,0,0
01040,MARECHAL THAUMATURGO,4,76,1031,222,220,0,0
01040,MARECHAL THAUMATURGO,4,114,1015,281,253,2,0
01040,MARECHAL THAUMATURGO,4,140,1090,283,266,1,0
01040,MARECHAL THAUMATURGO,4,141,1023,276,251,0,0
01040,MARECHAL THAUMATURGO,4,142,1031,229,229,1,0
01040,MARECHAL THAUMATURGO,4,143,1040,202,178,0,0
01040,MARECHAL THAUMATURGO,4,160,1058,148,138,0,0
01040,MARECHAL THAUMATURGO,4,161,1066,290,279,0,0
01040,MARECHAL THAUMATURGO,4,162,1074,259,259,0,0
01040,MARECHAL THAUMATURGO,4,163,1082,239,237,0,0
01040,MARECHAL THAUMATURGO,4,182,1120,263,247,0,0
01040,MARECHAL THAUMATURGO,4,196,1040,203,192,0,0
01040,MARECHAL THAUMATURGO,4,201,1074,261,259,1,0
01040,MARECHAL THAUMATURGO,4,203,1082,236,235,0,0
01040,MARECHAL THAUMATURGO,4,223,1139,268,244,0,0
01040,MARECHAL THAUMATURGO,4,230,1120,260,247,1,0
01040,MARECHAL THAUMATURGO,4,236,1147,185,183,0,0
01040,MARECHAL THAUMATURGO,4,237,1155,199,197,0,0
01040,MARECHAL THAUMATURGO,4,251,1015,275,243,1,0
01040,MARECHAL THAUMATURGO,4,279,1023,270,245,1,0
01040,MARECHAL THAUMATURGO,4,284,1090,283,266,1,0
01040,MARECHAL THAUMATURGO,4,289,1058,143,137,0,0
01040,MARECHAL THAUMATURGO,4,294,1139,268,244,1,0
01040,MARECHAL THAUMATURGO,4,318,1180,230,213,0,0
01040,MARECHAL THAUMATURGO,4,324,1171,239,221,0,0
01040,MARECHAL THAUMATURGO,4,326,1163,278,256,0,0
01040,MARECHAL THAUMATURGO,4,327,1031,223,217,0,0
01040,MARECHAL THAUMATURGO,4,331,1015,277,238,0,0
01040,MARECHAL THAUMATURGO,4,337,1040,213,182,0,0
01040,MARECHAL THAUMATURGO,4,347,1031,222,220,0,0
01040,MARECHAL THAUMATURGO,4,359,1023,269,246,1,0
01040,MARECHAL THAUMATURGO,4,375,1066,295,246,1,0
01040,MARECHAL THAUMATURGO,4,384,1147,202,160,0,0
01040,MARECHAL THAUMATURGO,4,389,1155,200,166,0,0
01040,MARECHAL THAUMATURGO,4,424,1015,281,251,0,0
01040,MARECHAL THAUMATURGO,4,434,1023,276,253,2,0
01040,MARECHAL THAUMATURGO,4,435,1015,280,254,1,0
01040,MARECHAL THAUMATURGO,4,441,1082,234,184,2,0
01040,MARECHAL THAUMATURGO,4,443,1031,224,146,1,0
01040,MARECHAL THAUMATURGO,4,444,1074,261,194,0,0
01040,MARECHAL THAUMATURGO,4,456,1180,120,108,0,0
01040,MARECHAL THAUMATURGO,4,461,1090,290,281,2,0
01040,MARECHAL THAUMATURGO,4,463,1015,281,210,1,0
01040,MARECHAL THAUMATURGO,4,503,1147,76,76,0,0
01040,MARECHAL THAUMATURGO,4,504,1040,280,280,4,0
01040,MARECHAL THAUMATURGO,4,505,1066,27,27,1,0
01040,MARECHAL THAUMATURGO,4,506,1090,207,207,0,0
01058,BRASILÉIA,6,1,1066,239,226,3,0
01058,BRASILÉIA,6,2,2127,293,275,3,0
01058,BRASILÉIA,6,3,2046,282,263,1,0
01058,BRASILÉIA,6,4,1040,287,266,2,0
01058,BRASILÉIA,6,5,1112,182,180,1,0
01058,BRASILÉIA,6,6,1066,249,231,1,0
01058,BRASILÉIA,6,7,1066,245,218,2,0
01058,BRASILÉIA,6,8,1066,246,217,2,0
01058,BRASILÉIA,6,11,1082,140,135,1,0
01058,BRASILÉIA,6,12,1082,139,135,5,0
01058,BRASILÉIA,6,13,1082,136,130,2,0
01058,BRASILÉIA,6,14,1082,137,127,5,0
01058,BRASILÉIA,6,15,1082,141,136,2,0
01058,BRASILÉIA,6,16,1082,169,164,6,0
01058,BRASILÉIA,6,17,1082,169,162,4,0
01058,BRASILÉIA,6,18,1082,175,170,3,0
01058,BRASILÉIA,6,19,1112,173,166,2,0
01058,BRASILÉIA,6,20,2127,290,271,5,0
01058,BRASILÉIA,6,21,2313,363,344,4,0
01058,BRASILÉIA,6,23,2313,366,344,4,0
01058,BRASILÉIA,6,24,2046,282,237,3,1
01058,BRASILÉIA,6,25,1180,254,245,1,0
01058,BRASILÉIA,6,32,1066,247,221,1,0
01058,BRASILÉIA,6,33,1082,140,135,0,0
01058,BRASILÉIA,6,35,2046,281,279,9,0
01058,BRASILÉIA,6,38,1082,140,134,2,0
01058,BRASILÉIA,6,39,1996,244,231,6,0
01058,BRASILÉIA,6,41,1066,241,221,3,0
01058,BRASILÉIA,6,44,1066,245,220,2,0
01058,BRASILÉIA,6,45,1040,292,257,3,0
01058,BRASILÉIA,6,53,1074,261,244,0,0
01058,BRASILÉIA,6,54,2305,233,224,4,0
01058,BRASILÉIA,6,55,1198,244,242,5,0
01058,BRASILÉIA,6,56,1198,214,213,1,0
01058,BRASILÉIA,6,57,1180,262,218,5,0
01058,BRASILÉIA,6,58,2313,359,344,1,0
01058,BRASILÉIA,6,62,1210,294,263,2,0
01058,BRASILÉIA,6,63,1228,244,228,9,0
01058,BRASILÉIA,6,67,1210,293,258,2,1
01058,BRASILÉIA,6,74,1120,294,278,1,0
01058,BRASILÉIA,6,75,1228,243,219,7,0
01058,BRASILÉIA,6,76,1210,286,261,1,0
01058,BRASILÉIA,6,80,1210,288,265,2,0
01058,BRASILÉIA,6,81,1120,294,279,0,0
01058,BRASILÉIA,6,83,1210,292,269,2,0
01058,BRASILÉIA,6,84,1066,240,237,3,0
01058,BRASILÉIA,6,85,1228,246,227,4,0
01058,BRASILÉIA,6,87,1120,291,273,4,0
01058,BRASILÉIA,6,88,1023,290,282,3,0
01058,BRASILÉIA,6,89,1210,291,268,2,0
01058,BRASILÉIA,6,91,1120,294,275,8,0
01058,BRASILÉIA,6,94,2127,294,281,6,0
01058,BRASILÉIA,6,99,1074,261,252,5,0
01058,BRASILÉIA,6,100,2151,212,212,2,0
01058,BRASILÉIA,6,102,2291,272,248,2,0
01058,BRASILÉIA,6,112,1198,218,188,0,0
01058,BRASILÉIA,6,113,2208,255,235,4,0
01058,BRASILÉIA,6,117,2224,218,196,0,0
01058,BRASILÉIA,6,118,1120,291,268,3,0
01058,BRASILÉIA,6,119,1180,257,250,2,0
01058,BRASILÉIA,6,120,2313,358,349,2,0
01058,BRASILÉIA,6,121,1228,243,225,4,0
01058,BRASILÉIA,6,122,2267,274,253,3,0
01058,BRASILÉIA,6,126,1040,294,282,3,0
01058,BRASILÉIA,6,127,1112,174,167,3,0
01058,BRASILÉIA,6,128,1074,262,243,2,0
01058,BRASILÉIA,6,131,1996,241,221,5,0
01058,BRASILÉIA,6,132,2240,168,143,1,0
01058,BRASILÉIA,6,133,1040,296,275,4,0
01058,BRASILÉIA,6,136,1996,245,226,5,0
01058,BRASILÉIA,6,137,1198,218,195,1,0
01058,BRASILÉIA,6,138,1040,293,275,4,0
01058,BRASILÉIA,6,139,1040,295,256,2,0
01058,BRASILÉIA,6,140,2151,209,171,4,0
01058,BRASILÉIA,6,146,2283,272,208,4,0
01058,BRASILÉIA,6,152,1120,294,187,3,0
01058,BRASILÉIA,6,155,1996,238,203,4,0
01058,BRASILÉIA,6,157,2267,275,266,8,0
01058,BRASILÉIA,6,165,2283,270,270,7,0
01058,BRASILÉIA,6,166,1066,242,242,3,0
01058,BRASILÉIA,6,170,2330,14,14,1,0
01066,PORTO WALTER,4,77,1031,291,270,2,0
01066,PORTO WALTER,4,78,1023,242,231,0,0
01066,PORTO WALTER,4,79,1023,242,229,0,0
01066,PORTO WALTER,4,80,1040,279,257,1,0
01066,PORTO WALTER,4,115,1031,294,274,1,0
01066,PORTO WALTER,4,132,1015,238,213,0,0
01066,PORTO WALTER,4,144,1023,239,228,0,0
01066,PORTO WALTER,4,145,1031,290,271,1,0
01066,PORTO WALTER,4,146,1040,283,259,0,0
01066,PORTO WALTER,4,164,1058,283,255,3,0
01066,PORTO WALTER,4,166,1074,221,207,1,0
01066,PORTO WALTER,4,245,1058,279,255,1,0
01066,PORTO WALTER,4,311,1090,235,198,2,0
01066,PORTO WALTER,4,313,1139,144,136,3,0
01066,PORTO WALTER,4,314,1082,146,129,1,0
01066,PORTO WALTER,4,316,1120,237,206,0,0
01066,PORTO WALTER,4,320,1104,234,233,3,0
01066,PORTO WALTER,4,321,1112,102,93,1,0
01066,PORTO WALTER,4,325,1147,204,181,0,0
01066,PORTO WALTER,4,338,1023,237,230,1,0
01066,PORTO WALTER,4,361,1031,287,282,3,0
01066,PORTO WALTER,4,372,1040,280,266,3,0
01066,PORTO WALTER,4,373,1015,233,217,1,0
01066,PORTO WALTER,4,429,1104,229,197,4,0
01066,PORTO WALTER,4,430,1040,277,269,4,0
01066,PORTO WALTER,4,442,1040,279,216,3,0
01066,PORTO WALTER,4,447,1015,225,129,0,0
01066,PORTO WALTER,4,453,1023,235,228,2,0
01066,PORTO WALTER,4,465,1031,289,273,5,0
01066,PORTO WALTER,4,467,1120,105,105,4,0
01066,PORTO WALTER,4,476,1023,241,241,8,0
01066,PORTO WALTER,4,477,1040,272,272,5,0
01066,PORTO WALTER,4,480,1015,223,223,5,0
01066,PORTO WALTER,4,498,1090,103,103,1,0
01074,CRUZEIRO DO SUL,4,1,1015,264,259,1,0
01074,CRUZEIRO DO SUL,4,5,1015,278,258,1,0
01074,CRUZEIRO DO SUL,4,7,1058,199,197,3,0
01074,CRUZEIRO DO SUL,4,8,1066,299,276,1,0
01074,CRUZEIRO DO SUL,4,9,1074,197,181,3,0
01074,CRUZEIRO DO SUL,4,10,1074,194,176,0,0
01074,CRUZEIRO DO SUL,4,11,1074,203,199,2,0
01074,CRUZEIRO DO SUL,4,13,1104,250,239,0,0
01074,CRUZEIRO DO SUL,4,14,1104,248,237,1,0
01074,CRUZEIRO DO SUL,4,15,1015,263,260,1,0
01074,CRUZEIRO DO SUL,4,16,1066,301,281,4,0
01074,CRUZEIRO DO SUL,4,17,1147,252,212,1,0
01074,CRUZEIRO DO SUL,4,19,1120,273,264,1,0
01074,CRUZEIRO DO SUL,4,23,1147,219,173,2,0
01074,CRUZEIRO DO SUL,4,25,1120,269,259,2,0
01074,CRUZEIRO DO SUL,4,27,1066,296,267,5,0
01074,CRUZEIRO DO SUL,4,38,1350,290,273,3,0
01074,CRUZEIRO DO SUL,4,39,1350,287,276,1,0
01074,CRUZEIRO DO SUL,4,40,1350,290,276,1,0
01074,CRUZEIRO DO SUL,4,41,1368,220,209,2,0
01074,CRUZEIRO DO SUL,4,42,1376,203,199,2,0
01074,CRUZEIRO DO SUL,4,43,1376,199,194,3,0
01074,CRUZEIRO DO SUL,4,44,1384,265,248,3,0
01074,CRUZEIRO DO SUL,4,45,1392,280,266,2,0
01074,CRUZEIRO DO SUL,4,46,1406,252,236,0,0
01074,CRUZEIRO DO SUL,4,47,1406,246,232,0,0
01074,CRUZEIRO DO SUL,4,48,1406,246,228,3,0
01074,CRUZEIRO DO SUL,4,49,1422,297,278,1,0
01074,CRUZEIRO DO SUL,4,51,1422,300,288,2,0
01074,CRUZEIRO DO SUL,4,55,1520,246,240,1,0
01074,CRUZEIRO DO SUL,4,56,1520,252,240,3,0
01074,CRUZEIRO DO SUL,4,57,1554,282,275,2,0
01074,CRUZEIRO DO SUL,4,58,1554,277,268,5,0
01074,CRUZEIRO DO SUL,4,59,1473,171,171,1,0
01074,CRUZEIRO DO SUL,4,60,1570,257,237,2,0
01074,CRUZEIRO DO SUL,4,61,1570,254,233,4,0
01074,CRUZEIRO DO SUL,4,62,1520,250,241,1,0
01074,CRUZEIRO DO SUL,4,63,1600,181,173,5,0
01074,CRUZEIRO DO SUL,4,64,1600,187,179,1,0
01074,CRUZEIRO DO SUL,4,65,1619,197,186,2,0
01074,CRUZEIRO DO SUL,4,66,1619,197,187,1,0
01074,CRUZEIRO DO SUL,4,67,1619,195,185,3,0
01074,CRUZEIRO DO SUL,4,68,1350,289,271,1,0
01074,CRUZEIRO DO SUL,4,69,1066,297,276,4,0
01074,CRUZEIRO DO SUL,4,70,1643,256,242,1,0
01074,CRUZEIRO DO SUL,4,85,1031,280,262,1,0
01074,CRUZEIRO DO SUL,4,86,1031,278,260,3,0
01074,CRUZEIRO DO SUL,4,87,1783,266,251,6,0
01074,CRUZEIRO DO SUL,4,88,1791,264,251,0,0
01074,CRUZEIRO DO SUL,4,107,1058,186,169,4,0
01074,CRUZEIRO DO SUL,4,108,1155,271,251,1,0
01074,CRUZEIRO DO SUL,4,110,1520,244,233,2,0
01074,CRUZEIRO DO SUL,4,111,1457,289,275,1,0
01074,CRUZEIRO DO SUL,4,112,1473,174,161,0,0
01074,CRUZEIRO DO SUL,4,113,1600,184,176,2,0
01074,CRUZEIRO DO SUL,4,117,1066,296,266,1,0
01074,CRUZEIRO DO SUL,4,118,1120,268,254,0,0
01074,CRUZEIRO DO SUL,4,120,1597,231,221,1,0
01074,CRUZEIRO DO SUL,4,121,1155,271,252,3,0
01074,CRUZEIRO DO SUL,4,123,1155,274,253,0,0
01074,CRUZEIRO DO SUL,4,125,1619,199,183,1,0
01074,CRUZEIRO DO SUL,4,126,1066,298,277,2,0
01074,CRUZEIRO DO SUL,4,130,1368,222,210,0,0
01074,CRUZEIRO DO SUL,4,131,2089,214,201,3,0
01074,CRUZEIRO DO SUL,4,135,1031,278,263,4,0
01074,CRUZEIRO DO SUL,4,136,1791,263,255,2,0
01074,CRUZEIRO DO SUL,4,137,2089,220,208,3,0
01074,CRUZEIRO DO SUL,4,138,2097,236,224,2,0
01074,CRUZEIRO DO SUL,4,139,2100,289,283,2,0
01074,CRUZEIRO DO SUL,4,152,1783,265,248,4,0
01074,CRUZEIRO DO SUL,4,154,1309,262,254,1,0
01074,CRUZEIRO DO SUL,4,155,2127,297,285,2,0
01074,CRUZEIRO DO SUL,4,156,2135,244,221,1,0
01074,CRUZEIRO DO SUL,4,157,2143,260,237,5,0
01074,CRUZEIRO DO SUL,4,158,2160,270,256,3,0
01074,CRUZEIRO DO SUL,4,159,2151,270,261,1,0
01074,CRUZEIRO DO SUL,4,165,2224,272,255,1,0
01074,CRUZEIRO DO SUL,4,167,2089,218,195,0,0
01074,CRUZEIRO DO SUL,4,168,1309,259,247,1,0
01074,CRUZEIRO DO SUL,4,173,1392,284,272,2,0
01074,CRUZEIRO DO SUL,4,175,2143,260,229,2,0
01074,CRUZEIRO DO SUL,4,178,1643,260,250,1,0
01074,CRUZEIRO DO SUL,4,179,1309,263,254,1,0
01074,CRUZEIRO DO SUL,4,183,1457,287,269,2,0
01074,CRUZEIRO DO SUL,4,184,2100,287,277,2,0
01074,CRUZEIRO DO SUL,4,185,2097,236,226,2,0
01074,CRUZEIRO DO SUL,4,187,1155,266,248,1,0
01074,CRUZEIRO DO SUL,4,188,2127,295,285,3,0
01074,CRUZEIRO DO SUL,4,189,1171,256,235,1,1
01074,CRUZEIRO DO SUL,4,191,1783,259,242,4,0
01074,CRUZEIRO DO SUL,4,192,1325,194,183,4,0
01074,CRUZEIRO DO SUL,4,194,1392,281,269,3,0
01074,CRUZEIRO DO SUL,4,195,1384,266,253,2,0
01074,CRUZEIRO DO SUL,4,198,2135,247,233,3,0
01074,CRUZEIRO DO SUL,4,199,1228,259,247,0,0
01074,CRUZEIRO DO SUL,4,200,1066,297,278,2,0
01074,CRUZEIRO DO SUL,4,204,1791,265,251,1,0
01074,CRUZEIRO DO SUL,4,205,1325,191,176,0,0
01074,CRUZEIRO DO SUL,4,206,1295,266,253,1,0
01074,CRUZEIRO DO SUL,4,207,1198,291,280,3,0
01074,CRUZEIRO DO SUL,4,208,1031,276,263,0,0
01074,CRUZEIRO DO SUL,4,210,1422,291,279,1,0
01074,CRUZEIRO DO SUL,4,211,1210,232,219,4,0
01074,CRUZEIRO DO SUL,4,213,2160,273,259,0,0
01074,CRUZEIRO DO SUL,4,214,1597,239,227,3,0
01074,CRUZEIRO DO SUL,4,219,1384,266,259,3,0
01074,CRUZEIRO DO SUL,4,222,1309,261,249,1,0
01074,CRUZEIRO DO SUL,4,224,2100,237,221,1,0
01074,CRUZEIRO DO SUL,4,227,2186,243,235,1,0
01074,CRUZEIRO DO SUL,4,228,2208,249,232,1,0
01074,CRUZEIRO DO SUL,4,229,2194,144,137,1,0
01074,CRUZEIRO DO SUL,4,235,2216,176,167,0,0
01074,CRUZEIRO DO SUL,4,238,1228,264,256,5,0
01074,CRUZEIRO DO SUL,4,239,1295,263,246,4,0
01074,CRUZEIRO DO SUL,4,240,1554,281,274,2,0
01074,CRUZEIRO DO SUL,4,242,1155,275,256,2,0
01074,CRUZEIRO DO SUL,4,243,1473,173,171,0,0
01074,CRUZEIRO DO SUL,4,244,2208,242,226,1,0
01074,CRUZEIRO DO SUL,4,246,1155,265,242,0,0
01074,CRUZEIRO DO SUL,4,247,1171,255,240,0,0
01074,CRUZEIRO DO SUL,4,249,1120,271,270,0,0
01074,CRUZEIRO DO SUL,4,252,1384,273,254,2,0
01074,CRUZEIRO DO SUL,4,253,2127,289,276,3,0
01074,CRUZEIRO DO SUL,4,254,2143,256,231,2,0
01074,CRUZEIRO DO SUL,4,255,1392,282,268,1,0
01074,CRUZEIRO DO SUL,4,256,2135,239,224,2,0
01074,CRUZEIRO DO SUL,4,257,1481,285,278,2,0
01074,CRUZEIRO DO SUL,4,258,1023,293,282,1,0
01074,CRUZEIRO DO SUL,4,259,1457,283,269,1,0
01074,CRUZEIRO DO SUL,4,260,1643,254,237,2,0
01074,CRUZEIRO DO SUL,4,261,2100,288,279,1,0
01074,CRUZEIRO DO SUL,4,262,1295,264,246,2,0
01074,CRUZEIRO DO SUL,4,263,2089,218,202,3,0
01074,CRUZEIRO DO SUL,4,266,1333,189,173,0,0
01074,CRUZEIRO DO SUL,4,268,1228,262,251,4,0
01074,CRUZEIRO DO SUL,4,269,1210,232,216,0,0
01074,CRUZEIRO DO SUL,4,270,2194,144,141,2,0
01074,CRUZEIRO DO SUL,4,271,2232,250,223,1,0
01074,CRUZEIRO DO SUL,4,275,2240,287,271,0,0
01074,CRUZEIRO DO SUL,4,278,2151,271,260,3,0
01074,CRUZEIRO DO SUL,4,280,2259,240,210,0,0
01074,CRUZEIRO DO SUL,4,282,1791,255,243,0,0
01074,CRUZEIRO DO SUL,4,285,2224,274,252,0,0
01074,CRUZEIRO DO SUL,4,287,1155,272,249,3,0
01074,CRUZEIRO DO SUL,4,288,1406,249,236,1,0
01074,CRUZEIRO DO SUL,4,291,2267,204,204,1,0
01074,CRUZEIRO DO SUL,4,293,2275,218,213,1,0
01074,CRUZEIRO DO SUL,4,295,2160,268,259,2,0
01074,CRUZEIRO DO SUL,4,296,2259,226,205,0,0
01074,CRUZEIRO DO SUL,4,297,1333,181,162,0,0
01074,CRUZEIRO DO SUL,4,300,1600,156,149,3,0
01074,CRUZEIRO DO SUL,4,301,2291,196,171,2,0
01074,CRUZEIRO DO SUL,4,305,2305,270,247,1,0
01074,CRUZEIRO DO SUL,4,306,2321,143,136,3,0
01074,CRUZEIRO DO SUL,4,308,2313,220,209,2,0
01074,CRUZEIRO DO SUL,4,312,2348,271,251,1,1
01074,CRUZEIRO DO SUL,4,315,1481,284,274,2,0
01074,CRUZEIRO DO SUL,4,319,2330,220,215,1,0
01074,CRUZEIRO DO SUL,4,322,1392,281,265,6,0
01074,CRUZEIRO DO SUL,4,323,1554,281,270,2,0
01074,CRUZEIRO DO SUL,4,328,1228,260,255,1,0
01074,CRUZEIRO DO SUL,4,329,2356,278,266,0,0
01074,CRUZEIRO DO SUL,4,330,1295,262,247,2,0
01074,CRUZEIRO DO SUL,4,332,2240,283,265,1,0
01074,CRUZEIRO DO SUL,4,333,1198,295,279,5,0
01074,CRUZEIRO DO SUL,4,334,2232,253,232,0,0
01074,CRUZEIRO DO SUL,4,336,1481,286,276,3,0
01074,CRUZEIRO DO SUL,4,339,1643,257,238,3,0
01074,CRUZEIRO DO SUL,4,340,1171,261,256,2,0
01074,CRUZEIRO DO SUL,4,341,1597,236,222,0,0
01074,CRUZEIRO DO SUL,4,342,2143,264,236,1,0
01074,CRUZEIRO DO SUL,4,343,1791,261,243,3,0
01074,CRUZEIRO DO SUL,4,345,1384,258,253,1,0
01074,CRUZEIRO DO SUL,4,348,2186,247,239,1,0
01074,CRUZEIRO DO SUL,4,350,1295,264,249,2,0
01074,CRUZEIRO DO SUL,4,352,2097,225,217,3,0
01074,CRUZEIRO DO SUL,4,353,1570,254,254,0,0
01074,CRUZEIRO DO SUL,4,354,1457,285,271,5,0
01074,CRUZEIRO DO SUL,4,355,1422,302,292,1,0
01074,CRUZEIRO DO SUL,4,356,1155,275,256,1,0
01074,CRUZEIRO DO SUL,4,358,1392,284,280,1,0
01074,CRUZEIRO DO SUL,4,360,1350,293,267,1,0
01074,CRUZEIRO DO SUL,4,362,2160,263,249,2,0
01074,CRUZEIRO DO SUL,4,363,2208,244,231,0,0
01074,CRUZEIRO DO SUL,4,365,2127,298,284,1,0
01074,CRUZEIRO DO SUL,4,370,1783,262,248,4,0
01074,CRUZEIRO DO SUL,4,374,1473,175,169,0,0
01074,CRUZEIRO DO SUL,4,376,1554,281,273,0,0
01074,CRUZEIRO DO SUL,4,378,1155,274,253,0,0
01074,CRUZEIRO DO SUL,4,379,2151,272,254,2,0
01074,CRUZEIRO DO SUL,4,382,1333,181,170,0,0
01074,CRUZEIRO DO SUL,4,383,1295,265,252,2,0
01074,CRUZEIRO DO SUL,4,385,1031,276,257,2,0
01074,CRUZEIRO DO SUL,4,386,1023,293,270,1,0
01074,CRUZEIRO DO SUL,4,390,1228,269,269,1,0
01074,CRUZEIRO DO SUL,4,391,2143,262,238,0,0
01074,CRUZEIRO DO SUL,4,392,1406,258,243,3,0
01074,CRUZEIRO DO SUL,4,393,1481,291,280,2,0
01074,CRUZEIRO DO SUL,4,394,1198,293,293,2,0
01074,CRUZEIRO DO SUL,4,395,1368,218,204,0,0
01074,CRUZEIRO DO SUL,4,396,1155,273,249,3,0
01074,CRUZEIRO DO SUL,4,397,2232,247,220,2,0
01074,CRUZEIRO DO SUL,4,398,1392,287,278,1,0
01074,CRUZEIRO DO SUL,4,399,1384,270,267,3,0
01074,CRUZEIRO DO SUL,4,400,1554,282,274,1,0
01074,CRUZEIRO DO SUL,4,401,1376,204,191,3,0
01074,CRUZEIRO DO SUL,4,402,2135,253,236,0,0
01074,CRUZEIRO DO SUL,4,403,1643,253,244,1,0
01074,CRUZEIRO DO SUL,4,404,2348,276,259,0,0
01074,CRUZEIRO DO SUL,4,405,2160,270,260,4,0
01074,CRUZEIRO DO SUL,4,406,1791,262,242,0,0
01074,CRUZEIRO DO SUL,4,407,2127,297,283,2,0
01074,CRUZEIRO DO SUL,4,408,1295,266,244,1,0
01074,CRUZEIRO DO SUL,4,409,1155,276,263,0,0
01074,CRUZEIRO DO SUL,4,410,1554,283,277,1,0
01074,CRUZEIRO DO SUL,4,411,1481,289,284,2,0
01074,CRUZEIRO DO SUL,4,412,1520,255,241,2,0
01074,CRUZEIRO DO SUL,4,413,1171,253,237,2,0
01074,CRUZEIRO DO SUL,4,415,2240,263,247,2,0
01074,CRUZEIRO DO SUL,4,416,1392,285,272,1,0
01074,CRUZEIRO DO SUL,4,417,1570,256,233,2,0
01074,CRUZEIRO DO SUL,4,418,1384,262,247,2,0
01074,CRUZEIRO DO SUL,4,419,1295,270,255,2,0
01074,CRUZEIRO DO SUL,4,420,1198,298,266,3,0
01074,CRUZEIRO DO SUL,4,421,1228,259,243,4,0
01074,CRUZEIRO DO SUL,4,422,1333,179,153,2,0
01074,CRUZEIRO DO SUL,4,423,2348,272,240,1,0
01074,CRUZEIRO DO SUL,4,446,2364,312,291,2,0
01074,CRUZEIRO DO SUL,4,449,2267,195,183,1,0
01074,CRUZEIRO DO SUL,4,450,2380,118,114,2,0
01074,CRUZEIRO DO SUL,4,451,2240,80,79,2,0
01074,CRUZEIRO DO SUL,4,452,2372,126,112,1,0
01074,CRUZEIRO DO SUL,4,454,2330,114,114,1,0
01074,CRUZEIRO DO SUL,4,457,2291,208,183,3,0
01074,CRUZEIRO DO SUL,4,458,2232,237,235,1,0
01074,CRUZEIRO DO SUL,4,459,2259,161,160,2,0
01074,CRUZEIRO DO SUL,4,460,2348,276,267,8,0
01074,CRUZEIRO DO SUL,4,468,1155,281,280,3,0
01074,CRUZEIRO DO SUL,4,469,2275,95,95,2,0
01074,CRUZEIRO DO SUL,4,470,2410,144,144,4,0
01074,CRUZEIRO DO SUL,4,471,2143,258,258,6,0
01074,CRUZEIRO DO SUL,4,472,2429,288,288,3,0
01074,CRUZEIRO DO SUL,4,481,1295,269,269,3,0
01074,CRUZEIRO DO SUL,4,482,1554,283,283,7,0
01074,CRUZEIRO DO SUL,4,483,2135,247,247,11,0
01074,CRUZEIRO DO SUL,4,484,1643,260,260,10,0
01074,CRUZEIRO DO SUL,4,485,2208,161,161,2,0
01074,CRUZEIRO DO SUL,4,486,1597,202,202,4,0
01074,CRUZEIRO DO SUL,4,487,1147,202,202,9,0
01074,CRUZEIRO DO SUL,4,488,1406,254,254,8,0
01074,CRUZEIRO DO SUL,4,489,2429,286,286,6,0
01074,CRUZEIRO DO SUL,4,490,1791,263,263,6,0
01074,CRUZEIRO DO SUL,4,493,2305,40,40,3,0
01074,CRUZEIRO DO SUL,4,494,2160,148,148,3,0
01074,CRUZEIRO DO SUL,4,496,1015,122,122,2,0
01074,CRUZEIRO DO SUL,4,497,2240,79,79,2,0
01074,CRUZEIRO DO SUL,4,499,2437,212,212,6,0
01074,CRUZEIRO DO SUL,4,500,2445,168,168,3,0
01074,CRUZEIRO DO SUL,4,501,2453,126,126,3,0
01074,CRUZEIRO DO SUL,4,502,2461,220,220,8,0
01082,RODRIGUES ALVES,4,82,1015,264,244,2,0
01082,RODRIGUES ALVES,4,83,1023,203,200,3,0
01082,RODRIGUES ALVES,4,84,1031,218,207,1,0
01082,RODRIGUES ALVES,4,148,1015,256,235,4,0
01082,RODRIGUES ALVES,4,149,1023,204,199,1,0
01082,RODRIGUES ALVES,4,150,1031,225,210,3,0
01082,RODRIGUES ALVES,4,169,1015,259,238,1,0
01082,RODRIGUES ALVES,4,170,1023,206,205,2,0
01082,RODRIGUES ALVES,4,171,1031,202,188,0,0
01082,RODRIGUES ALVES,4,174,1040,220,208,3,0
01082,RODRIGUES ALVES,4,176,1023,200,193,4,0
01082,RODRIGUES ALVES,4,193,1015,260,241,1,0
01082,RODRIGUES ALVES,4,197,1058,188,185,1,0
01082,RODRIGUES ALVES,4,209,1074,295,286,5,0
01082,RODRIGUES ALVES,4,212,1066,212,202,2,0
01082,RODRIGUES ALVES,4,215,1058,184,174,1,0
01082,RODRIGUES ALVES,4,225,1074,290,270,3,0
01082,RODRIGUES ALVES,4,226,1066,210,202,3,0
01082,RODRIGUES ALVES,4,231,1104,205,189,4,0
01082,RODRIGUES ALVES,4,232,1090,217,209,1,0
01082,RODRIGUES ALVES,4,233,1082,152,144,3,0
01082,RODRIGUES ALVES,4,234,1112,253,229,4,0
01082,RODRIGUES ALVES,4,241,1112,252,225,1,0
01082,RODRIGUES ALVES,4,250,1104,192,170,1,0
01082,RODRIGUES ALVES,4,272,1120,189,170,2,0
01082,RODRIGUES ALVES,4,274,1139,224,214,0,0
01082,RODRIGUES ALVES,4,281,1147,164,151,1,0
01082,RODRIGUES ALVES,4,290,1163,247,227,1,0
01082,RODRIGUES ALVES,4,292,1155,279,250,4,0
01082,RODRIGUES ALVES,4,298,1090,216,201,2,0
01082,RODRIGUES ALVES,4,299,1171,264,254,7,0
01082,RODRIGUES ALVES,4,302,1180,174,166,1,0
01082,RODRIGUES ALVES,4,304,1198,176,166,1,0
01082,RODRIGUES ALVES,4,309,1201,132,126,1,0
01082,RODRIGUES ALVES,4,317,1210,139,129,2,0
01082,RODRIGUES ALVES,4,349,1074,291,270,4,0
01082,RODRIGUES ALVES,4,351,1015,259,249,6,0
01082,RODRIGUES ALVES,4,357,1104,195,180,0,0
01082,RODRIGUES ALVES,4,368,1082,154,136,3,0
01082,RODRIGUES ALVES,4,377,1066,208,202,0,0
01082,RODRIGUES ALVES,4,380,1090,215,204,3,0
01082,RODRIGUES ALVES,4,387,1066,214,211,1,0
01082,RODRIGUES ALVES,4,388,1015,260,247,8,0
01082,RODRIGUES ALVES,4,427,1139,182,169,5,0
01082,RODRIGUES ALVES,4,428,1058,187,162,1,0
01082,RODRIGUES ALVES,4,431,1023,203,159,0,0
01082,RODRIGUES ALVES,4,438,1228,285,283,3,0
01082,RODRIGUES ALVES,4,440,1236,265,246,0,0
01082,RODRIGUES ALVES,4,455,1228,291,233,8,0
01082,RODRIGUES ALVES,4,462,1201,234,233,10,0
01082,RODRIGUES ALVES,4,464,1210,211,211,2,0
01082,RODRIGUES ALVES,4,475,1279,213,213,4,0
01082,RODRIGUES ALVES,4,478,1031,188,188,4,0
01082,RODRIGUES ALVES,4,479,1236,265,265,2,0
01082,RODRIGUES ALVES,4,492,1104,195,195,5,0
01082,RODRIGUES ALVES,4,495,1155,57,57,4,0
01090,MÂNCIO LIMA,4,89,1015,247,240,7,0
01090,MÂNCIO LIMA,4,90,1023,128,124,2,0
01090,MÂNCIO LIMA,4,91,1031,219,213,2,0
01090,MÂNCIO LIMA,4,92,1040,169,166,1,0
01090,MÂNCIO LIMA,4,93,1058,279,249,7,0
01090,MÂNCIO LIMA,4,94,1066,193,175,2,0
01090,MÂNCIO LIMA,4,95,1058,288,252,9,0
01090,MÂNCIO LIMA,4,96,1023,133,125,2,0
01090,MÂNCIO LIMA,4,97,1139,287,264,3,0
01090,MÂNCIO LIMA,4,98,1023,127,125,1,0
01090,MÂNCIO LIMA,4,99,1031,215,212,7,0
01090,MÂNCIO LIMA,4,100,1031,219,210,3,0
01090,MÂNCIO LIMA,4,101,1120,278,247,0,0
01090,MÂNCIO LIMA,4,102,1120,269,253,3,0
01090,MÂNCIO LIMA,4,103,1139,281,255,8,0
01090,MÂNCIO LIMA,4,104,1147,278,270,4,0
01090,MÂNCIO LIMA,4,116,1031,217,204,5,0
01090,MÂNCIO LIMA,4,122,1031,219,209,7,0
01090,MÂNCIO LIMA,4,127,1031,227,210,4,0
01090,MÂNCIO LIMA,4,151,1163,289,276,8,0
01090,MÂNCIO LIMA,4,153,1058,280,254,4,0
01090,MÂNCIO LIMA,4,172,1210,295,279,9,0
01090,MÂNCIO LIMA,4,177,1180,185,180,4,0
01090,MÂNCIO LIMA,4,180,1120,271,257,7,0
01090,MÂNCIO LIMA,4,181,1163,288,267,10,0
01090,MÂNCIO LIMA,4,190,1147,277,272,7,0
01090,MÂNCIO LIMA,4,216,1120,273,251,6,0
01090,MÂNCIO LIMA,4,217,1090,219,201,0,0
01090,MÂNCIO LIMA,4,218,1074,152,151,1,0
01090,MÂNCIO LIMA,4,248,1015,249,239,6,0
01090,MÂNCIO LIMA,4,264,1066,187,169,4,0
01090,MÂNCIO LIMA,4,265,1147,278,250,5,0
01090,MÂNCIO LIMA,4,267,1120,269,235,1,0
01090,MÂNCIO LIMA,4,273,1201,257,245,3,0
01090,MÂNCIO LIMA,4,276,1201,253,252,5,0
01090,MÂNCIO LIMA,4,277,1198,279,277,7,0
01090,MÂNCIO LIMA,4,283,1210,293,271,10,0
01090,MÂNCIO LIMA,4,303,1228,299,285,6,0
01090,MÂNCIO LIMA,4,307,1236,290,280,8,0
01090,MÂNCIO LIMA,4,310,1244,278,272,2,0
01090,MÂNCIO LIMA,4,335,1147,271,242,4,0
01090,MÂNCIO LIMA,4,346,1120,270,256,4,0
01090,MÂNCIO LIMA,4,364,1058,284,264,6,0
01090,MÂNCIO LIMA,4,366,1139,280,274,16,0
01090,MÂNCIO LIMA,4,367,1244,277,277,3,0
01090,MÂNCIO LIMA,4,369,1198,284,264,10,0
01090,MÂNCIO LIMA,4,371,1040,64,60,3,0
01090,MÂNCIO LIMA,4,414,1147,278,264,5,0
01090,MÂNCIO LIMA,4,425,1120,272,256,2,0
01090,MÂNCIO LIMA,4,426,1201,261,238,6,0
01090,MÂNCIO LIMA,4,432,1058,288,258,7,0
01090,MÂNCIO LIMA,4,433,1139,285,254,7,0
01090,MÂNCIO LIMA,4,436,1120,270,230,10,0
01090,MÂNCIO LIMA,4,437,1147,278,226,3,0
01090,MÂNCIO LIMA,4,439,1244,280,207,7,0
01090,MÂNCIO LIMA,4,445,1074,154,139,4,0
01090,MÂNCIO LIMA,4,466,1058,283,276,15,0
01090,MÂNCIO LIMA,4,473,1147,272,272,9,0
01090,MÂNCIO LIMA,4,491,1120,274,274,19,0
01104,JORDÃO,5,27,1112,284,273,2,0
01104,JORDÃO,5,28,1023,278,277,3,0
01104,JORDÃO,5,32,1112,279,272,3,0
01104,JORDÃO,5,37,1112,283,278,3,0
01104,JORDÃO,5,45,1112,283,281,2,0
01104,JORDÃO,5,46,1112,283,275,0,0
01104,JORDÃO,5,52,1040,291,288,3,0
01104,JORDÃO,5,56,1066,155,142,1,0
01104,JORDÃO,5,57,1058,243,234,4,0
01104,JORDÃO,5,62,1066,156,142,2,0
01104,JORDÃO,5,65,1074,200,198,2,0
01104,JORDÃO,5,66,1074,200,200,0,0
01104,JORDÃO,5,67,1104,232,228,2,0
01104,JORDÃO,5,75,1023,274,264,1,0
01104,JORDÃO,5,100,1058,240,220,4,0
01104,JORDÃO,5,112,1031,248,240,1,0
01104,JORDÃO,5,113,1066,156,142,3,0
01104,JORDÃO,5,118,1031,251,246,1,0
01104,JORDÃO,5,122,1040,296,289,2,0
01104,JORDÃO,5,123,1031,255,253,3,0
01104,JORDÃO,5,125,1074,197,182,3,0
01104,JORDÃO,5,126,1031,255,247,2,0
01104,JORDÃO,5,131,1031,251,221,1,0
01104,JORDÃO,5,137,1112,280,278,9,0
01104,JORDÃO,5,142,1104,133,133,4,0
01112,EPITACIOLÂNDIA,6,9,1295,282,268,3,0
01112,EPITACIOLÂNDIA,6,10,1295,283,273,7,0
01112,EPITACIOLÂNDIA,6,22,1210,289,277,2,0
01112,EPITACIOLÂNDIA,6,26,1392,201,201,2,0
01112,EPITACIOLÂNDIA,6,34,1058,288,278,1,0
01112,EPITACIOLÂNDIA,6,40,1058,288,276,11,0
01112,EPITACIOLÂNDIA,6,42,1309,293,287,1,0
01112,EPITACIOLÂNDIA,6,46,1015,297,289,4,0
01112,EPITACIOLÂNDIA,6,47,1309,290,284,1,0
01112,EPITACIOLÂNDIA,6,48,1309,292,281,3,0
01112,EPITACIOLÂNDIA,6,49,1031,284,278,1,0
01112,EPITACIOLÂNDIA,6,50,1031,286,278,7,0
01112,EPITACIOLÂNDIA,6,51,1058,284,278,7,0
01112,EPITACIOLÂNDIA,6,59,1015,302,293,1,0
01112,EPITACIOLÂNDIA,6,60,1031,287,279,2,0
01112,EPITACIOLÂNDIA,6,61,1031,285,272,2,0
01112,EPITACIOLÂNDIA,6,64,1210,285,277,10,0
01112,EPITACIOLÂNDIA,6,65,1406,291,281,4,0
01112,EPITACIOLÂNDIA,6,68,1058,285,269,4,0
01112,EPITACIOLÂNDIA,6,69,1317,227,221,6,0
01112,EPITACIOLÂNDIA,6,70,1317,229,212,0,0
01112,EPITACIOLÂNDIA,6,71,1252,231,231,6,0
01112,EPITACIOLÂNDIA,6,72,1317,229,215,3,0
01112,EPITACIOLÂNDIA,6,77,1210,286,273,5,0
01112,EPITACIOLÂNDIA,6,82,1287,242,217,7,0
01112,EPITACIOLÂNDIA,6,86,1015,295,287,3,0
01112,EPITACIOLÂNDIA,6,96,1317,228,216,0,0
01112,EPITACIOLÂNDIA,6,97,1325,246,233,3,0
01112,EPITACIOLÂNDIA,6,98,1422,195,182,0,0
01112,EPITACIOLÂNDIA,6,101,1414,293,270,2,0
01112,EPITACIOLÂNDIA,6,103,1333,315,298,3,0
01112,EPITACIOLÂNDIA,6,105,1031,292,281,0,0
01112,EPITACIOLÂNDIA,6,106,1309,290,276,0,0
01112,EPITACIOLÂNDIA,6,107,1210,292,280,4,0
01112,EPITACIOLÂNDIA,6,116,1058,288,282,4,0
01112,EPITACIOLÂNDIA,6,123,1309,295,285,2,0
01112,EPITACIOLÂNDIA,6,124,1368,271,256,3,0
01112,EPITACIOLÂNDIA,6,125,1287,255,248,0,0
01112,EPITACIOLÂNDIA,6,134,1309,297,290,4,0
01112,EPITACIOLÂNDIA,6,135,1368,271,259,2,0
01112,EPITACIOLÂNDIA,6,141,1252,229,202,2,0
01112,EPITACIOLÂNDIA,6,142,1287,251,190,7,0
01112,EPITACIOLÂNDIA,6,144,1015,300,292,3,0
01112,EPITACIOLÂNDIA,6,145,1392,158,132,5,0
01112,EPITACIOLÂNDIA,6,147,1406,288,197,3,0
01112,EPITACIOLÂNDIA,6,148,1473,293,207,9,0
01112,EPITACIOLÂNDIA,6,151,1368,276,127,6,1
01112,EPITACIOLÂNDIA,6,156,1368,273,230,3,0
01112,EPITACIOLÂNDIA,6,159,1473,293,287,1,0
01112,EPITACIOLÂNDIA,6,160,1430,165,165,2,0
01112,EPITACIOLÂNDIA,6,162,1449,293,293,6,0
01112,EPITACIOLÂNDIA,6,163,1287,249,249,6,0
01112,EPITACIOLÂNDIA,6,164,1368,276,276,3,0
01112,EPITACIOLÂNDIA,6,167,1457,155,155,2,0
01112,EPITACIOLÂNDIA,6,168,1465,146,146,2,0
01120,ACRELÂNDIA,8,8,1015,214,205,2,0
01120,ACRELÂNDIA,8,9,1015,216,211,1,0
01120,ACRELÂNDIA,8,64,1023,245,239,1,0
01120,ACRELÂNDIA,8,72,1023,241,230,2,0
01120,ACRELÂNDIA,8,77,1023,244,231,2,0
01120,ACRELÂNDIA,8,83,1015,217,213,4,0
01120,ACRELÂNDIA,8,84,1023,245,233,3,0
01120,ACRELÂNDIA,8,85,1031,163,162,0,0
01120,ACRELÂNDIA,8,93,1058,174,173,0,0
01120,ACRELÂNDIA,8,94,1066,221,219,1,0
01120,ACRELÂNDIA,8,95,1040,180,179,1,0
01120,ACRELÂNDIA,8,99,1066,219,209,2,0
01120,ACRELÂNDIA,8,101,1074,278,257,0,0
01120,ACRELÂNDIA,8,102,1040,178,178,1,0
01120,ACRELÂNDIA,8,115,1074,284,270,3,0
01120,ACRELÂNDIA,8,117,1210,199,198,0,0
01120,ACRELÂNDIA,8,123,1074,281,265,2,0
01120,ACRELÂNDIA,8,124,1066,221,212,3,0
01120,ACRELÂNDIA,8,125,1058,175,174,1,0
01120,ACRELÂNDIA,8,132,1040,180,179,2,0
01120,ACRELÂNDIA,8,142,1074,284,268,1,0
01120,ACRELÂNDIA,8,143,1015,218,212,3,0
01120,ACRELÂNDIA,8,146,1066,218,213,3,0
01120,ACRELÂNDIA,8,159,1040,179,163,0,0
01120,ACRELÂNDIA,8,160,1031,162,156,1,0
01120,ACRELÂNDIA,8,162,1074,289,269,3,0
01120,ACRELÂNDIA,8,164,1112,182,176,1,0
01120,ACRELÂNDIA,8,169,1120,240,238,3,0
01120,ACRELÂNDIA,8,178,1031,160,160,2,0
01120,ACRELÂNDIA,8,181,1120,247,246,3,0
01120,ACRELÂNDIA,8,182,1139,258,249,1,0
01120,ACRELÂNDIA,8,185,1120,245,244,1,0
01120,ACRELÂNDIA,8,186,1120,243,241,2,0
01120,ACRELÂNDIA,8,198,1198,106,105,1,0
01120,ACRELÂNDIA,8,199,1180,193,190,2,0
01120,ACRELÂNDIA,8,205,1040,181,181,0,0
01120,ACRELÂNDIA,8,209,1210,196,191,0,0
01120,ACRELÂNDIA,8,215,1139,260,257,4,0
01120,ACRELÂNDIA,8,224,1023,241,225,3,1
01120,ACRELÂNDIA,8,232,1120,246,221,2,0
01120,ACRELÂNDIA,8,233,1015,214,202,2,0
01120,ACRELÂNDIA,8,235,1058,177,162,3,0
01120,ACRELÂNDIA,8,237,1031,160,153,3,0
01120,ACRELÂNDIA,8,256,1120,242,242,0,0
01120,ACRELÂNDIA,8,257,1058,174,166,0,0
01120,ACRELÂNDIA,8,258,1040,179,163,0,0
01120,ACRELÂNDIA,8,272,1074,286,286,5,0
01120,ACRELÂNDIA,8,274,1180,65,65,2,0
01139,FEIJÓ,7,1,1058,271,256,8,0
01139,FEIJÓ,7,2,1031,294,268,6,0
01139,FEIJÓ,7,3,1031,290,268,9,0
01139,FEIJÓ,7,4,1031,291,262,4,0
01139,FEIJÓ,7,5,1031,292,265,5,0
01139,FEIJÓ,7,6,1040,213,196,6,0
01139,FEIJÓ,7,7,1040,210,204,4,0
01139,FEIJÓ,7,8,1040,208,193,1,0
01139,FEIJÓ,7,9,1040,207,197,5,0
01139,FEIJÓ,7,10,1040,211,201,5,0
01139,FEIJÓ,7,11,1058,269,256,5,0
01139,FEIJÓ,7,12,1058,271,262,1,0
01139,FEIJÓ,7,13,1058,268,256,2,0
01139,FEIJÓ,7,14,1058,273,254,3,0
01139,FEIJÓ,7,15,1058,271,259,3,0
01139,FEIJÓ,7,16,1325,212,200,3,0
01139,FEIJÓ,7,17,1074,291,268,6,0
01139,FEIJÓ,7,18,1074,288,269,5,0
01139,FEIJÓ,7,19,1058,272,256,4,0
01139,FEIJÓ,7,20,1031,295,269,4,0
01139,FEIJÓ,7,21,1031,295,273,2,0
01139,FEIJÓ,7,22,1031,289,267,8,0
01139,FEIJÓ,7,23,1031,293,278,3,0
01139,FEIJÓ,7,24,1074,288,267,5,0
01139,FEIJÓ,7,25,1112,251,237,6,0
01139,FEIJÓ,7,26,1112,248,240,9,0
01139,FEIJÓ,7,27,1325,214,202,5,0
01139,FEIJÓ,7,28,1325,217,202,4,0
01139,FEIJÓ,7,29,1325,211,203,4,0
01139,FEIJÓ,7,30,1147,274,259,5,0
01139,FEIJÓ,7,31,1147,268,251,6,1
01139,FEIJÓ,7,32,1058,270,258,3,0
01139,FEIJÓ,7,33,1058,273,259,4,0
01139,FEIJÓ,7,34,1163,338,316,6,0
01139,FEIJÓ,7,35,1074,293,275,8,0
01139,FEIJÓ,7,36,1040,203,191,2,1
01139,FEIJÓ,7,37,1163,341,316,8,0
01139,FEIJÓ,7,38,1074,291,268,5,0
01139,FEIJÓ,7,39,1163,342,320,4,0
01139,FEIJÓ,7,40,1180,337,304,2,0
01139,FEIJÓ,7,41,1171,338,317,8,0
01139,FEIJÓ,7,42,1031,289,264,1,0
01139,FEIJÓ,7,43,1112,244,234,5,0
01139,FEIJÓ,7,44,1171,335,306,5,0
01139,FEIJÓ,7,45,1198,241,226,2,0
01139,FEIJÓ,7,46,1201,240,220,3,0
01139,FEIJÓ,7,47,1210,269,242,2,0
01139,FEIJÓ,7,48,1180,332,304,7,0
01139,FEIJÓ,7,49,1171,330,295,9,0
01139,FEIJÓ,7,50,1325,209,201,3,0
01139,FEIJÓ,7,51,1163,337,309,5,0
01139,FEIJÓ,7,52,1228,181,165,4,0
01139,FEIJÓ,7,53,1236,181,173,1,0
01139,FEIJÓ,7,54,1171,338,306,4,0
01139,FEIJÓ,7,55,1228,182,155,4,0
01139,FEIJÓ,7,56,1201,242,221,5,0
01139,FEIJÓ,7,57,1180,336,306,3,1
01139,FEIJÓ,7,58,1031,288,264,10,0
01139,FEIJÓ,7,59,1074,291,258,3,0
01139,FEIJÓ,7,60,1112,251,236,6,0
01139,FEIJÓ,7,61,1236,181,164,2,0
01139,FEIJÓ,7,62,1244,322,294,5,0
01139,FEIJÓ,7,63,1198,247,225,3,0
01139,FEIJÓ,7,64,1163,342,323,6,0
01139,FEIJÓ,7,65,1210,270,232,6,0
01139,FEIJÓ,7,66,1228,179,157,3,0
01139,FEIJÓ,7,67,1341,148,109,0,0
01139,FEIJÓ,7,68,1279,235,217,0,0
01139,FEIJÓ,7,69,1341,137,99,0,0
01139,FEIJÓ,7,70,1260,179,168,1,0
01139,FEIJÓ,7,71,1252,177,161,3,0
01139,FEIJÓ,7,72,1244,329,308,4,0
01139,FEIJÓ,7,73,1295,74,67,1,0
01139,FEIJÓ,7,74,1260,174,164,1,0
01139,FEIJÓ,7,75,1252,181,167,2,0
01139,FEIJÓ,7,76,1279,233,215,3,0
01139,FEIJÓ,7,77,1295,73,67,1,0
01139,FEIJÓ,7,78,1171,333,312,8,0
01139,FEIJÓ,7,79,1309,198,168,2,0
01139,FEIJÓ,7,80,1163,339,318,7,0
01139,FEIJÓ,7,81,1171,344,307,6,0
01139,FEIJÓ,7,82,1244,331,299,3,0
01139,FEIJÓ,7,83,1317,340,313,3,0
01139,FEIJÓ,7,84,1163,341,321,6,1
01139,FEIJÓ,7,85,1171,333,302,9,0
01139,FEIJÓ,7,86,1180,337,310,10,0
01139,FEIJÓ,7,87,1171,336,306,8,0
01139,FEIJÓ,7,88,1244,332,308,3,0
01139,FEIJÓ,7,89,1163,341,319,6,0
01139,FEIJÓ,7,90,1333,275,256,6,0
01139,FEIJÓ,7,91,1198,251,231,4,0
01139,FEIJÓ,7,92,1341,128,127,1,0
01139,FEIJÓ,7,93,1287,3,3,0,0
01392,RIO BRANCO,1,3,1279,157,157,4,0
01392,RIO BRANCO,1,4,1139,335,294,7,0
01392,RIO BRANCO,1,5,1031,316,298,4,0
01392,RIO BRANCO,1,6,1031,317,293,2,0
01392,RIO BRANCO,1,7,2461,300,297,1,0
01392,RIO BRANCO,1,8,1031,314,286,3,0
01392,RIO BRANCO,1,9,1058,134,125,0,0
01392,RIO BRANCO,1,10,1090,233,224,6,0
01392,RIO BRANCO,1,11,1058,131,130,2,0
01392,RIO BRANCO,1,12,1066,227,227,5,0
01392,RIO BRANCO,1,13,1961,152,149,1,0
01392,RIO BRANCO,1,14,1074,212,184,0,0
01392,RIO BRANCO,1,15,1090,232,222,4,0
01392,RIO BRANCO,1,23,1090,233,219,5,0
01392,RIO BRANCO,1,24,1074,215,187,1,0
01392,RIO BRANCO,1,25,1031,323,300,6,0
01392,RIO BRANCO,1,26,1490,177,172,1,0
01392,RIO BRANCO,1,27,1031,322,294,5,0
01392,RIO BRANCO,1,28,1090,233,233,2,0
01392,RIO BRANCO,1,29,1090,234,222,0,0
01392,RIO BRANCO,1,30,1066,224,224,7,0
01392,RIO BRANCO,1,31,1066,222,221,6,0
01392,RIO BRANCO,1,32,1180,163,155,0,0
01392,RIO BRANCO,1,34,1988,169,164,3,0
01392,RIO BRANCO,1,35,1317,177,159,2,0
01392,RIO BRANCO,1,36,1139,338,303,7,0
01392,RIO BRANCO,1,37,1139,322,286,5,0
01392,RIO BRANCO,1,38,1139,333,294,5,0
01392,RIO BRANCO,1,39,1317,179,179,1,0
01392,RIO BRANCO,1,40,1317,177,174,1,0
01392,RIO BRANCO,1,41,1180,165,163,2,0
01392,RIO BRANCO,1,42,1180,165,158,2,0
01392,RIO BRANCO,1,43,1074,220,192,1,1
01392,RIO BRANCO,1,44,1317,181,159,2,0
01392,RIO BRANCO,1,45,3875,224,208,2,0
01392,RIO BRANCO,1,46,1279,155,155,2,0
01392,RIO BRANCO,1,47,1848,232,215,5,0
01392,RIO BRANCO,1,50,1171,238,228,6,0
01392,RIO BRANCO,1,51,1171,238,228,2,0
01392,RIO BRANCO,1,52,1180,167,162,2,0
01392,RIO BRANCO,1,62,1236,247,236,6,0
01392,RIO BRANCO,1,63,1236,251,243,6,0
01392,RIO BRANCO,1,64,1236,253,242,5,0
01392,RIO BRANCO,1,65,1236,249,241,3,0
01392,RIO BRANCO,1,66,1260,230,226,2,0
01392,RIO BRANCO,1,67,1236,252,248,4,0
01392,RIO BRANCO,1,75,1260,234,227,1,0
01392,RIO BRANCO,1,76,1260,233,226,2,0
01392,RIO BRANCO,1,77,1279,166,166,1,0
01392,RIO BRANCO,1,83,1295,278,278,1,0
01392,RIO BRANCO,1,84,1295,280,279,1,0
01392,RIO BRANCO,1,85,1295,287,287,2,0
01392,RIO BRANCO,1,86,1295,285,281,4,0
01392,RIO BRANCO,1,87,2402,250,241,4,0
01392,RIO BRANCO,1,88,2402,254,245,1,0
01392,RIO BRANCO,1,89,2402,247,244,3,0
01392,RIO BRANCO,1,90,2402,247,235,5,0
01392,RIO BRANCO,1,93,1317,180,180,0,0
01392,RIO BRANCO,1,94,1317,181,181,1,1
01392,RIO BRANCO,1,95,1961,258,240,0,0
01392,RIO BRANCO,1,96,1961,264,246,0,0
01392,RIO BRANCO,1,97,2569,218,218,1,0
01392,RIO BRANCO,1,98,2569,219,219,2,0
01392,RIO BRANCO,1,99,2569,218,218,0,0
01392,RIO BRANCO,1,100,1589,180,180,1,0
01392,RIO BRANCO,1,129,1384,323,306,4,0
01392,RIO BRANCO,1,130,1384,326,315,4,0
01392,RIO BRANCO,1,146,2461,115,112,1,0
01392,RIO BRANCO,1,147,2828,246,208,3,0
01392,RIO BRANCO,1,148,2828,249,212,7,0
01392,RIO BRANCO,1,149,2461,114,107,1,0
01392,RIO BRANCO,1,151,1066,223,223,10,0
01392,RIO BRANCO,1,158,1465,290,290,0,0
01392,RIO BRANCO,1,159,1465,294,293,1,0
01392,RIO BRANCO,1,160,1473,277,257,2,0
01392,RIO BRANCO,1,161,1473,278,260,3,0
01392,RIO BRANCO,1,162,1490,181,174,1,0
01392,RIO BRANCO,1,163,1490,192,192,5,0
01392,RIO BRANCO,1,164,2100,109,107,1,0
01392,RIO BRANCO,1,168,1180,302,297,5,0
01392,RIO BRANCO,1,169,1554,123,116,1,0
01392,RIO BRANCO,1,170,1554,121,116,2,0
01392,RIO BRANCO,1,171,1490,193,186,5,0
01392,RIO BRANCO,1,172,1490,188,187,2,0
01392,RIO BRANCO,1,173,1317,180,180,2,0
01392,RIO BRANCO,1,174,1872,320,320,7,0
01392,RIO BRANCO,1,176,1554,240,237,3,0
01392,RIO BRANCO,1,178,1589,165,164,2,0
01392,RIO BRANCO,1,179,1589,174,174,1,0
01392,RIO BRANCO,1,182,1643,319,319,3,0
01392,RIO BRANCO,1,183,1643,320,320,2,0
01392,RIO BRANCO,1,184,1643,323,317,4,0
01392,RIO BRANCO,1,185,1988,215,206,3,0
01392,RIO BRANCO,1,186,1066,226,226,6,0
01392,RIO BRANCO,1,187,1066,238,238,0,0
01392,RIO BRANCO,1,188,2100,105,104,2,0
01392,RIO BRANCO,1,189,2488,202,194,0,0
01392,RIO BRANCO,1,190,1694,201,178,1,0
01392,RIO BRANCO,1,191,1694,203,180,1,0
01392,RIO BRANCO,1,192,2500,153,146,0,0
01392,RIO BRANCO,1,193,2500,159,154,0,0
01392,RIO BRANCO,1,194,1490,178,176,1,0
01392,RIO BRANCO,1,204,1783,174,162,2,0
01392,RIO BRANCO,1,205,1783,177,173,2,0
01392,RIO BRANCO,1,206,1783,177,166,4,0
01392,RIO BRANCO,1,248,1694,214,196,1,0
01392,RIO BRANCO,1,249,1236,252,245,3,0
01392,RIO BRANCO,1,250,1090,232,221,3,0
01392,RIO BRANCO,1,261,1856,325,315,6,0
01392,RIO BRANCO,1,263,1872,318,317,4,0
01392,RIO BRANCO,1,264,1279,156,156,0,0
01392,RIO BRANCO,1,268,1929,263,263,6,0
01392,RIO BRANCO,1,270,1848,230,230,1,0
01392,RIO BRANCO,1,271,1139,330,297,8,1
01392,RIO BRANCO,1,272,1031,313,296,5,0
01392,RIO BRANCO,1,273,1074,215,185,2,0
01392,RIO BRANCO,1,275,1279,157,156,0,0
01392,RIO BRANCO,1,277,1473,278,254,7,0
01392,RIO BRANCO,1,278,1490,188,186,1,0
01392,RIO BRANCO,1,280,1988,167,164,1,0
01392,RIO BRANCO,1,281,1490,176,167,3,1
01392,RIO BRANCO,1,287,1988,216,205,3,0
01392,RIO BRANCO,1,288,2054,312,310,2,0
01392,RIO BRANCO,1,297,1961,148,147,1,0
01392,RIO BRANCO,1,299,2089,301,296,3,0
01392,RIO BRANCO,1,303,1988,166,163,2,0
01392,RIO BRANCO,1,308,2100,178,176,0,0
01392,RIO BRANCO,1,310,1996,333,318,6,0
01392,RIO BRANCO,1,316,1759,256,256,5,0
01392,RIO BRANCO,1,321,1856,333,324,10,0
01392,RIO BRANCO,1,326,1554,121,115,0,0
01392,RIO BRANCO,1,327,2615,202,199,1,0
01392,RIO BRANCO,1,330,2089,304,296,3,0
01392,RIO BRANCO,1,335,1260,229,224,2,0
01392,RIO BRANCO,1,337,1856,336,319,3,0
01392,RIO BRANCO,1,347,1171,241,236,0,0
01392,RIO BRANCO,1,349,1554,124,118,1,0
01392,RIO BRANCO,1,350,1554,239,234,2,0
01392,RIO BRANCO,1,351,1872,319,318,4,0
01392,RIO BRANCO,1,366,2089,297,283,4,0
01392,RIO BRANCO,1,368,1180,293,284,4,0
01392,RIO BRANCO,1,369,1317,174,172,2,0
01392,RIO BRANCO,1,374,1171,238,230,0,0
01392,RIO BRANCO,1,379,1465,303,303,0,0
01392,RIO BRANCO,1,380,1473,279,259,2,0
01392,RIO BRANCO,1,381,1694,210,194,1,0
01392,RIO BRANCO,1,385,1856,256,248,5,0
01392,RIO BRANCO,1,386,1872,319,319,3,0
01392,RIO BRANCO,1,390,1996,337,326,6,0
01392,RIO BRANCO,1,391,2054,316,316,3,0
01392,RIO BRANCO,1,398,2313,336,331,4,0
01392,RIO BRANCO,1,400,1384,319,308,2,0
01392,RIO BRANCO,1,401,3875,233,227,2,0
01392,RIO BRANCO,1,406,2089,305,299,3,0
01392,RIO BRANCO,1,416,2470,319,318,5,0
01392,RIO BRANCO,1,419,1058,165,165,1,0
01392,RIO BRANCO,1,422,2569,228,228,2,0
01392,RIO BRANCO,1,426,1856,261,255,3,0
01392,RIO BRANCO,1,429,1490,180,173,1,0
01392,RIO BRANCO,1,434,2577,270,267,1,0
01392,RIO BRANCO,1,435,2585,269,260,3,0
01392,RIO BRANCO,1,436,1929,270,270,1,0
01392,RIO BRANCO,1,437,2313,330,324,13,0
01392,RIO BRANCO,1,438,2470,324,324,6,0
01392,RIO BRANCO,1,439,1295,279,278,7,0
01392,RIO BRANCO,1,440,1996,328,316,3,1
01392,RIO BRANCO,1,441,2550,221,219,0,0
01392,RIO BRANCO,1,442,2542,322,310,5,0
01392,RIO BRANCO,1,443,2534,232,231,1,0
01392,RIO BRANCO,1,444,2054,310,307,1,0
01392,RIO BRANCO,1,445,1848,232,232,3,0
01392,RIO BRANCO,1,446,2313,333,328,7,0
01392,RIO BRANCO,1,447,1996,339,339,8,0
01392,RIO BRANCO,1,448,2470,318,316,5,0
01392,RIO BRANCO,1,449,2577,266,263,5,0
01392,RIO BRANCO,1,450,2950,258,253,1,0
01392,RIO BRANCO,1,451,2585,277,273,1,0
01392,RIO BRANCO,1,452,2542,323,319,5,0
01392,RIO BRANCO,1,453,1929,254,253,0,0
01392,RIO BRANCO,1,454,2569,211,210,1,0
01392,RIO BRANCO,1,455,1783,175,167,3,0
01392,RIO BRANCO,1,456,2666,327,326,7,0
01392,RIO BRANCO,1,457,3174,298,288,4,0
01392,RIO BRANCO,1,458,2550,226,224,1,0
01392,RIO BRANCO,1,459,2674,322,316,7,0
01392,RIO BRANCO,1,460,2542,334,322,3,0
01392,RIO BRANCO,1,461,1872,322,321,3,0
01392,RIO BRANCO,1,462,3174,301,290,2,0
01392,RIO BRANCO,1,463,2720,325,321,2,0
01392,RIO BRANCO,1,464,2690,319,319,7,0
01392,RIO BRANCO,1,465,2577,264,262,2,0
01392,RIO BRANCO,1,466,2550,219,217,2,0
01392,RIO BRANCO,1,467,2054,312,311,3,0
01392,RIO BRANCO,1,468,2674,332,322,11,0
01392,RIO BRANCO,1,469,2720,317,307,6,0
01392,RIO BRANCO,1,470,1295,281,278,4,0
01392,RIO BRANCO,1,471,2313,331,323,5,0
01392,RIO BRANCO,1,472,2720,324,306,6,0
01392,RIO BRANCO,1,473,2712,282,281,6,0
01392,RIO BRANCO,1,474,3174,302,289,7,0
01392,RIO BRANCO,1,475,2470,320,319,8,0
01392,RIO BRANCO,1,476,2690,326,326,3,0
01392,RIO BRANCO,1,477,2488,221,221,1,0
01392,RIO BRANCO,1,478,2542,323,309,7,0
01392,RIO BRANCO,1,479,1490,178,172,2,0
01392,RIO BRANCO,1,480,1856,329,316,4,0
01392,RIO BRANCO,1,481,2666,330,318,4,0
01392,RIO BRANCO,1,482,2569,215,215,2,0
01392,RIO BRANCO,1,483,1058,71,71,4,0
01392,RIO BRANCO,1,484,2674,329,320,6,0
01392,RIO BRANCO,1,485,2542,322,311,6,0
01392,RIO BRANCO,1,486,2798,286,264,5,0
01392,RIO BRANCO,1,487,2763,287,287,3,0
01392,RIO BRANCO,1,488,2780,281,279,5,0
01392,RIO BRANCO,1,489,2771,257,254,3,0
01392,RIO BRANCO,1,490,2801,345,334,4,0
01392,RIO BRANCO,1,491,2690,318,317,8,0
01392,RIO BRANCO,1,492,2585,277,274,1,0
01392,RIO BRANCO,1,494,2542,327,307,6,0
01392,RIO BRANCO,1,495,2836,289,279,6,0
01392,RIO BRANCO,1,496,2828,249,240,2,0
01392,RIO BRANCO,1,497,2810,277,270,3,0
01392,RIO BRANCO,1,498,2844,332,310,2,1
01392,RIO BRANCO,1,499,2712,287,287,4,0
01392,RIO BRANCO,1,500,2534,234,224,6,0
01392,RIO BRANCO,1,501,1929,259,259,1,0
01392,RIO BRANCO,1,502,2852,254,254,7,0
01392,RIO BRANCO,1,503,3174,308,297,5,0
01392,RIO BRANCO,1,504,2860,159,159,3,0
01392,RIO BRANCO,1,505,2720,319,314,2,0
01392,RIO BRANCO,1,506,2690,324,324,9,0
01392,RIO BRANCO,1,507,2836,273,258,1,0
01392,RIO BRANCO,1,508,1848,230,211,7,0
01392,RIO BRANCO,1,509,2712,281,281,3,0
01392,RIO BRANCO,1,510,2801,345,332,6,0
01392,RIO BRANCO,1,511,1759,254,229,6,0
01392,RIO BRANCO,1,512,2810,279,268,6,0
01392,RIO BRANCO,1,513,2798,289,270,4,0
01392,RIO BRANCO,1,515,1066,223,223,8,0
01392,RIO BRANCO,1,516,1066,222,220,7,0
01392,RIO BRANCO,1,517,2763,280,258,5,0
01392,RIO BRANCO,1,518,2895,317,304,6,0
01392,RIO BRANCO,1,519,2550,227,224,4,0
01392,RIO BRANCO,1,520,2909,179,168,1,0
01392,RIO BRANCO,1,521,2917,121,112,4,0
01392,RIO BRANCO,1,522,2917,124,109,6,0
01392,RIO BRANCO,1,523,2950,241,223,5,0
01392,RIO BRANCO,1,524,2933,238,215,6,0
01392,RIO BRANCO,1,525,2984,121,102,4,0
01392,RIO BRANCO,1,526,3026,307,307,3,0
01392,RIO BRANCO,1,527,3093,264,264,11,0
01392,RIO BRANCO,1,528,2984,123,123,1,0
01392,RIO BRANCO,1,529,2984,139,114,5,0
01392,RIO BRANCO,1,530,2968,238,222,1,0
01392,RIO BRANCO,1,531,3034,261,261,3,0
01392,RIO BRANCO,1,532,1929,261,228,5,0
01392,RIO BRANCO,1,533,2054,315,274,6,0
01392,RIO BRANCO,1,534,3840,298,286,3,0
01392,RIO BRANCO,1,535,3050,153,147,5,0
01392,RIO BRANCO,1,536,2976,125,115,2,0
01392,RIO BRANCO,1,537,2917,146,146,2,0
01392,RIO BRANCO,1,538,3050,156,125,6,0
01392,RIO BRANCO,1,539,2860,133,127,6,0
01392,RIO BRANCO,1,540,3050,151,136,1,0
01392,RIO BRANCO,1,541,2984,241,225,6,0
01392,RIO BRANCO,1,542,3115,189,176,7,0
01392,RIO BRANCO,1,543,2550,226,199,1,0
01392,RIO BRANCO,1,544,2771,245,207,3,0
01392,RIO BRANCO,1,545,2895,324,317,12,0
01392,RIO BRANCO,1,546,2895,320,310,3,0
01392,RIO BRANCO,1,547,2780,282,281,6,0
01392,RIO BRANCO,1,548,2488,18,18,1,1
01392,RIO BRANCO,1,549,2798,296,274,13,0
01392,RIO BRANCO,1,550,2909,175,173,5,0
01392,RIO BRANCO,1,551,2763,284,263,4,1
01392,RIO BRANCO,1,552,2054,308,272,4,0
01392,RIO BRANCO,1,553,2810,279,266,2,0
01392,RIO BRANCO,1,554,1643,322,310,3,0
01392,RIO BRANCO,1,555,2712,276,276,9,0
01392,RIO BRANCO,1,556,2569,217,178,1,0
01392,RIO BRANCO,1,557,2666,327,271,4,0
01392,RIO BRANCO,1,558,2550,226,210,3,0
01392,RIO BRANCO,1,559,1929,257,226,1,0
01392,RIO BRANCO,1,560,2534,237,204,10,0
01392,RIO BRANCO,1,561,1848,236,206,8,0
01392,RIO BRANCO,1,562,2801,340,316,2,1
01392,RIO BRANCO,1,563,1279,153,125,4,0
01392,RIO BRANCO,1,564,3034,260,260,4,0
01392,RIO BRANCO,1,565,3247,228,197,8,0
01392,RIO BRANCO,1,566,3247,261,234,4,0
01392,RIO BRANCO,1,567,3247,290,290,1,0
01392,RIO BRANCO,1,568,3247,289,289,4,0
01392,RIO BRANCO,1,569,3255,331,319,4,0
01392,RIO BRANCO,1,570,3255,328,321,3,0
01392,RIO BRANCO,1,571,3255,334,326,4,1
01392,RIO BRANCO,1,572,3255,320,311,5,0
01392,RIO BRANCO,1,573,3263,343,328,3,0
01392,RIO BRANCO,1,574,3263,338,328,7,0
01392,RIO BRANCO,1,632,3280,303,303,2,0
01392,RIO BRANCO,1,633,3280,309,302,4,0
01392,RIO BRANCO,1,634,3280,304,295,2,0
01392,RIO BRANCO,1,635,3280,306,298,5,0
01392,RIO BRANCO,1,636,3280,311,297,5,1
01392,RIO BRANCO,1,637,3298,338,327,4,0
01392,RIO BRANCO,1,638,3298,339,334,6,1
01392,RIO BRANCO,1,639,3298,338,329,8,0
01392,RIO BRANCO,1,640,3298,339,323,5,0
01392,RIO BRANCO,1,641,3298,341,329,2,0
01392,RIO BRANCO,1,642,3301,338,328,11,0
01392,RIO BRANCO,1,643,3301,336,321,6,0
01392,RIO BRANCO,1,644,3301,339,328,6,0
01392,RIO BRANCO,1,645,3310,312,305,2,0
01392,RIO BRANCO,1,646,3310,310,306,4,0
01392,RIO BRANCO,1,647,3310,306,303,4,0
01392,RIO BRANCO,1,648,3310,309,309,2,0
01392,RIO BRANCO,1,649,3328,342,339,2,0
01392,RIO BRANCO,1,650,3328,342,338,1,0
01392,RIO BRANCO,1,651,3328,338,336,3,0
01392,RIO BRANCO,1,652,3328,335,331,4,0
01392,RIO BRANCO,1,653,3328,338,330,6,0
01392,RIO BRANCO,1,654,3336,333,319,1,0
01392,RIO BRANCO,1,655,3336,334,332,6,0
01392,RIO BRANCO,1,656,3336,337,325,7,0
01392,RIO BRANCO,1,657,3344,336,328,6,0
01392,RIO BRANCO,1,658,3344,331,326,4,0
01392,RIO BRANCO,1,659,3344,340,333,5,0
01392,RIO BRANCO,1,660,3344,341,339,6,0
01392,RIO BRANCO,1,661,3352,321,314,2,0
01392,RIO BRANCO,1,662,3352,323,315,3,0
01392,RIO BRANCO,1,663,3352,317,306,9,0
01392,RIO BRANCO,1,664,3352,322,312,5,0
01392,RIO BRANCO,1,665,3360,327,315,5,0
01392,RIO BRANCO,1,666,3360,327,319,4,1
01392,RIO BRANCO,1,667,3360,323,314,3,0
01392,RIO BRANCO,1,668,3360,324,308,3,1
01392,RIO BRANCO,1,669,3360,327,310,5,0
01392,RIO BRANCO,1,670,3379,335,325,11,0
01392,RIO BRANCO,1,671,3379,334,326,4,0
01392,RIO BRANCO,1,672,3379,337,325,3,0
01392,RIO BRANCO,1,673,3379,332,326,2,0
01392,RIO BRANCO,1,674,3379,330,320,10,0
01392,RIO BRANCO,1,675,3379,336,322,6,0
01392,RIO BRANCO,1,676,3387,230,230,0,0
01392,RIO BRANCO,1,677,3387,181,171,4,0
01392,RIO BRANCO,1,678,3387,182,171,1,0
01392,RIO BRANCO,1,679,3697,213,204,0,0
01392,RIO BRANCO,1,680,3581,274,261,5,0
01392,RIO BRANCO,1,681,3581,272,264,7,0
01392,RIO BRANCO,1,682,3522,162,162,3,0
01392,RIO BRANCO,1,683,3522,161,160,4,0
01392,RIO BRANCO,1,685,3425,338,337,6,0
01392,RIO BRANCO,1,686,3425,338,337,7,0
01392,RIO BRANCO,1,687,3425,327,319,3,0
01392,RIO BRANCO,1,688,3425,334,333,10,0
01392,RIO BRANCO,1,689,3433,338,338,7,0
01392,RIO BRANCO,1,690,3433,339,329,4,0
01392,RIO BRANCO,1,691,3441,322,321,4,0
01392,RIO BRANCO,1,692,3441,317,284,3,0
01392,RIO BRANCO,1,693,3441,318,293,6,0
01392,RIO BRANCO,1,694,3450,344,329,8,1
01392,RIO BRANCO,1,695,3468,338,334,4,0
01392,RIO BRANCO,1,696,3468,341,341,2,0
01392,RIO BRANCO,1,697,3468,342,334,4,0
01392,RIO BRANCO,1,698,3468,341,331,5,0
01392,RIO BRANCO,1,699,3468,340,336,6,0
01392,RIO BRANCO,1,700,3468,338,329,6,0
01392,RIO BRANCO,1,701,3476,171,166,0,0
01392,RIO BRANCO,1,702,3476,171,170,1,0
01392,RIO BRANCO,1,703,3476,167,164,2,0
01392,RIO BRANCO,1,704,3476,168,165,0,0
01392,RIO BRANCO,1,705,3310,314,272,9,0
01392,RIO BRANCO,1,706,3492,238,238,3,0
01392,RIO BRANCO,1,707,3492,233,233,1,0
01392,RIO BRANCO,1,708,3492,232,232,1,0
01392,RIO BRANCO,1,709,3492,234,213,2,1
01392,RIO BRANCO,1,710,3506,349,343,9,0
01392,RIO BRANCO,1,711,3506,348,347,5,0
01392,RIO BRANCO,1,712,3506,344,344,7,0
01392,RIO BRANCO,1,713,3506,335,334,6,0
01392,RIO BRANCO,1,714,3514,182,159,1,0
01392,RIO BRANCO,1,715,3522,258,258,1,0
01392,RIO BRANCO,1,716,3522,261,259,3,0
01392,RIO BRANCO,1,717,3522,124,109,1,0
01392,RIO BRANCO,1,718,3522,137,128,2,0
01392,RIO BRANCO,1,719,3956,107,107,0,0
01392,RIO BRANCO,1,720,3956,70,66,2,0
01392,RIO BRANCO,1,721,3956,68,58,1,0
01392,RIO BRANCO,1,722,3549,328,327,2,0
01392,RIO BRANCO,1,723,3549,333,328,7,0
01392,RIO BRANCO,1,724,3549,329,326,3,0
01392,RIO BRANCO,1,725,3557,296,292,4,0
01392,RIO BRANCO,1,726,3557,300,278,4,0
01392,RIO BRANCO,1,727,3565,301,285,7,0
01392,RIO BRANCO,1,728,3565,303,285,4,0
01392,RIO BRANCO,1,729,3573,311,299,4,0
01392,RIO BRANCO,1,730,3573,315,300,6,0
01392,RIO BRANCO,1,731,3573,307,293,7,0
01392,RIO BRANCO,1,732,3581,277,275,0,0
01392,RIO BRANCO,1,733,3581,272,269,1,0
01392,RIO BRANCO,1,734,3581,278,274,1,0
01392,RIO BRANCO,1,735,3581,264,258,1,0
01392,RIO BRANCO,1,736,3590,340,337,4,0
01392,RIO BRANCO,1,737,3590,340,335,7,0
01392,RIO BRANCO,1,738,3590,340,329,5,0
01392,RIO BRANCO,1,739,3590,341,335,3,0
01392,RIO BRANCO,1,740,3956,139,136,0,0
01392,RIO BRANCO,1,741,3956,147,145,0,0
01392,RIO BRANCO,1,742,3476,201,201,0,0
01392,RIO BRANCO,1,743,3476,184,183,2,0
01392,RIO BRANCO,1,744,3492,238,230,3,0
01392,RIO BRANCO,1,745,3492,234,229,1,0
01392,RIO BRANCO,1,746,3638,323,314,3,0
01392,RIO BRANCO,1,747,3638,324,312,8,0
01392,RIO BRANCO,1,748,3638,326,318,6,0
01392,RIO BRANCO,1,749,3646,325,298,3,0
01392,RIO BRANCO,1,750,3646,322,306,5,0
01392,RIO BRANCO,1,751,3646,319,296,2,0
01392,RIO BRANCO,1,752,3859,253,253,2,0
01392,RIO BRANCO,1,753,3859,240,240,0,0
01392,RIO BRANCO,1,754,3859,260,260,0,0
01392,RIO BRANCO,1,755,3638,324,316,5,0
01392,RIO BRANCO,1,756,3662,287,287,1,0
01392,RIO BRANCO,1,757,3662,213,186,3,0
01392,RIO BRANCO,1,758,3662,217,212,3,0
01392,RIO BRANCO,1,759,3662,218,208,2,0
01392,RIO BRANCO,1,760,3662,213,203,2,0
01392,RIO BRANCO,1,761,3662,217,213,2,0
01392,RIO BRANCO,1,762,3859,83,77,2,0
01392,RIO BRANCO,1,763,3859,78,72,2,0
01392,RIO BRANCO,1,764,3859,79,75,2,0
01392,RIO BRANCO,1,765,3697,256,256,1,0
01392,RIO BRANCO,1,766,3700,296,286,0,0
01392,RIO BRANCO,1,767,3700,305,302,6,0
01392,RIO BRANCO,1,768,3700,292,281,6,0
01392,RIO BRANCO,1,769,3700,298,294,4,0
01392,RIO BRANCO,1,770,3700,298,291,4,0
01392,RIO BRANCO,1,771,3719,334,322,4,0
01392,RIO BRANCO,1,772,3492,234,219,2,0
01392,RIO BRANCO,1,773,3492,234,220,0,0
01392,RIO BRANCO,1,774,3735,338,329,4,0
01392,RIO BRANCO,1,775,3735,344,332,6,0
01392,RIO BRANCO,1,776,3735,344,333,3,0
01392,RIO BRANCO,1,777,3735,342,334,4,0
01392,RIO BRANCO,1,778,3743,332,327,2,0
01392,RIO BRANCO,1,779,3743,337,336,3,0
01392,RIO BRANCO,1,780,3743,333,330,4,0
01392,RIO BRANCO,1,781,3743,332,327,1,0
01392,RIO BRANCO,1,782,3751,339,336,6,0
01392,RIO BRANCO,1,783,3751,326,312,3,1
01392,RIO BRANCO,1,784,3751,343,328,1,0
01392,RIO BRANCO,1,785,3751,335,324,4,0
01392,RIO BRANCO,1,786,3751,336,326,4,0
01392,RIO BRANCO,1,787,3751,337,331,3,0
01392,RIO BRANCO,1,788,3336,337,323,8,0
01392,RIO BRANCO,1,789,2895,332,323,5,0
01392,RIO BRANCO,1,790,3573,319,312,3,0
01392,RIO BRANCO,1,791,2933,249,230,2,0
01392,RIO BRANCO,1,792,3751,339,323,5,0
01392,RIO BRANCO,1,793,2852,255,231,7,0
01392,RIO BRANCO,1,794,2844,329,296,4,0
01392,RIO BRANCO,1,795,2968,232,208,1,0
01392,RIO BRANCO,1,796,2810,280,269,2,0
01392,RIO BRANCO,1,798,2895,321,313,7,0
01392,RIO BRANCO,1,800,3751,312,308,3,0
01392,RIO BRANCO,1,801,3840,281,271,4,0
01392,RIO BRANCO,1,802,3549,333,284,9,0
01392,RIO BRANCO,1,803,1996,329,316,6,0
01392,RIO BRANCO,1,804,1872,316,247,9,0
01392,RIO BRANCO,1,805,3247,286,224,4,0
01392,RIO BRANCO,1,806,3336,338,276,8,0
01392,RIO BRANCO,1,807,3697,198,154,2,0
01392,RIO BRANCO,1,808,3034,263,210,6,0
01392,RIO BRANCO,1,809,3026,307,262,13,0
01392,RIO BRANCO,1,810,2712,271,219,3,0
01392,RIO BRANCO,1,811,1643,324,263,3,0
01392,RIO BRANCO,1,812,3506,344,273,8,0
01392,RIO BRANCO,1,813,3433,340,235,9,0
01392,RIO BRANCO,1,814,3778,284,241,16,0
01392,RIO BRANCO,1,815,3786,294,264,6,0
01392,RIO BRANCO,1,816,3093,260,201,5,0
01392,RIO BRANCO,1,817,2860,130,109,3,0
01392,RIO BRANCO,1,818,2780,288,246,13,0
01392,RIO BRANCO,1,819,3840,281,257,9,0
01392,RIO BRANCO,1,820,3468,344,169,10,0
01392,RIO BRANCO,1,821,2313,332,192,13,0
01392,RIO BRANCO,1,822,3425,334,218,6,0
01392,RIO BRANCO,1,823,2470,320,220,4,1
01392,RIO BRANCO,1,824,3344,339,169,8,0
01392,RIO BRANCO,1,825,2577,263,223,12,0
01392,RIO BRANCO,1,826,3743,332,204,9,0
01392,RIO BRANCO,1,827,2690,328,270,5,1
01392,RIO BRANCO,1,828,1465,215,182,7,2
01392,RIO BRANCO,1,829,3778,292,176,9,0
01392,RIO BRANCO,1,830,3794,285,238,10,1
01392,RIO BRANCO,1,832,3840,276,249,8,0
01392,RIO BRANCO,1,833,3816,307,294,14,0
01392,RIO BRANCO,1,834,3840,283,226,5,0
01392,RIO BRANCO,1,835,3581,277,188,4,0
01392,RIO BRANCO,1,836,3824,121,110,3,0
01392,RIO BRANCO,1,837,3115,177,171,12,0
01392,RIO BRANCO,1,838,3859,85,66,2,0
01392,RIO BRANCO,1,839,2933,245,233,9,1
01392,RIO BRANCO,1,840,3948,133,132,2,0
01392,RIO BRANCO,1,842,3778,321,317,13,0
01392,RIO BRANCO,1,843,3476,105,101,3,0
01392,RIO BRANCO,1,846,2313,332,332,4,0
01392,RIO BRANCO,1,848,3565,309,308,7,1
01392,RIO BRANCO,1,849,3743,334,334,8,1
01392,RIO BRANCO,1,850,3468,343,343,12,0
01392,RIO BRANCO,1,852,2968,226,226,3,0
01392,RIO BRANCO,1,854,3786,230,230,11,0
01392,RIO BRANCO,1,855,3093,256,256,10,0
01392,RIO BRANCO,1,856,2771,196,196,5,0
01392,RIO BRANCO,1,859,3778,294,294,18,0
01392,RIO BRANCO,1,862,2674,119,119,5,0
01392,RIO BRANCO,1,863,2895,256,256,6,0
01392,RIO BRANCO,1,864,2313,340,340,15,0
01392,RIO BRANCO,1,865,2780,81,81,4,0
01392,RIO BRANCO,1,866,3425,34,34,2,0
01392,RIO BRANCO,9,11,1368,285,276,7,0
01392,RIO BRANCO,9,12,1368,283,275,6,0
01392,RIO BRANCO,9,13,1643,218,194,5,0
01392,RIO BRANCO,9,14,1368,301,288,0,0
01392,RIO BRANCO,9,15,1368,302,286,3,0
01392,RIO BRANCO,9,16,1570,353,344,3,0
01392,RIO BRANCO,9,17,1570,355,348,6,0
01392,RIO BRANCO,9,18,1031,312,305,1,0
01392,RIO BRANCO,9,19,1031,309,297,4,0
01392,RIO BRANCO,9,20,1422,312,311,2,0
01392,RIO BRANCO,9,21,1376,318,302,5,0
01392,RIO BRANCO,9,22,1376,316,301,4,0
01392,RIO BRANCO,9,23,1384,340,331,7,0
01392,RIO BRANCO,9,24,1384,336,328,7,0
01392,RIO BRANCO,9,25,1058,335,332,2,0
01392,RIO BRANCO,9,26,1058,327,327,2,0
01392,RIO BRANCO,9,27,1058,339,338,3,0
01392,RIO BRANCO,9,28,1457,227,206,2,0
01392,RIO BRANCO,9,29,1490,255,245,3,0
01392,RIO BRANCO,9,30,1066,315,314,1,0
01392,RIO BRANCO,9,31,1066,312,311,5,0
01392,RIO BRANCO,9,32,1457,207,200,3,0
01392,RIO BRANCO,9,33,1449,337,333,4,0
01392,RIO BRANCO,9,34,1457,200,193,1,0
01392,RIO BRANCO,9,35,1040,331,328,6,1
01392,RIO BRANCO,9,36,1074,339,327,3,0
01392,RIO BRANCO,9,37,1074,337,331,7,0
01392,RIO BRANCO,9,38,1074,334,324,7,0
01392,RIO BRANCO,9,39,1155,213,213,6,0
01392,RIO BRANCO,9,40,1155,217,196,1,0
01392,RIO BRANCO,9,41,1074,338,327,3,0
01392,RIO BRANCO,9,42,1457,225,225,0,0
01392,RIO BRANCO,9,43,1490,259,235,4,0
01392,RIO BRANCO,9,44,1490,263,244,3,0
01392,RIO BRANCO,9,45,1082,333,321,7,0
01392,RIO BRANCO,9,46,1082,331,323,6,0
01392,RIO BRANCO,9,47,1082,337,327,6,0
01392,RIO BRANCO,9,48,2100,255,239,6,0
01392,RIO BRANCO,9,49,2100,251,231,5,0
01392,RIO BRANCO,9,50,1171,228,217,1,0
01392,RIO BRANCO,9,51,1090,331,322,3,0
01392,RIO BRANCO,9,52,1090,332,320,5,0
01392,RIO BRANCO,9,53,1090,329,317,5,0
01392,RIO BRANCO,9,54,1830,139,137,0,0
01392,RIO BRANCO,9,55,1112,304,296,2,0
01392,RIO BRANCO,9,56,1112,304,295,6,0
01392,RIO BRANCO,9,57,1104,316,298,4,0
01392,RIO BRANCO,9,58,1104,322,300,4,0
01392,RIO BRANCO,9,59,1457,168,156,2,0
01392,RIO BRANCO,9,60,1520,295,284,1,0
01392,RIO BRANCO,9,61,1520,302,296,1,0
01392,RIO BRANCO,9,62,1520,300,294,2,0
01392,RIO BRANCO,9,63,1538,340,325,10,1
01392,RIO BRANCO,9,64,1139,336,336,2,0
01392,RIO BRANCO,9,65,1139,332,332,1,0
01392,RIO BRANCO,9,66,1139,336,336,7,0
01392,RIO BRANCO,9,67,1333,339,324,5,0
01392,RIO BRANCO,9,68,1147,337,335,6,0
01392,RIO BRANCO,9,69,1147,340,339,1,0
01392,RIO BRANCO,9,70,1554,266,266,4,0
01392,RIO BRANCO,9,71,1155,214,213,2,0
01392,RIO BRANCO,9,72,1155,217,217,0,0
01392,RIO BRANCO,9,73,1155,219,219,1,0
01392,RIO BRANCO,9,74,1562,305,294,3,0
01392,RIO BRANCO,9,75,1562,301,285,2,0
01392,RIO BRANCO,9,76,1163,323,316,6,0
01392,RIO BRANCO,9,77,1163,326,312,3,0
01392,RIO BRANCO,9,78,1570,350,340,4,0
01392,RIO BRANCO,9,79,1023,300,292,4,0
01392,RIO BRANCO,9,80,1023,303,295,1,0
01392,RIO BRANCO,9,81,1171,230,230,0,0
01392,RIO BRANCO,9,82,1457,239,239,1,0
01392,RIO BRANCO,9,83,2453,239,239,1,0
01392,RIO BRANCO,9,84,2453,235,235,2,0
01392,RIO BRANCO,9,85,1180,244,240,2,0
01392,RIO BRANCO,9,86,1198,322,321,0,0
01392,RIO BRANCO,9,87,1201,333,333,4,0
01392,RIO BRANCO,9,88,1201,336,334,3,0
01392,RIO BRANCO,9,89,1589,335,334,10,0
01392,RIO BRANCO,9,90,1210,332,332,3,0
01392,RIO BRANCO,9,91,1210,334,334,2,0
01392,RIO BRANCO,9,92,1228,317,305,3,0
01392,RIO BRANCO,9,93,1236,341,329,4,0
01392,RIO BRANCO,9,94,1236,342,334,2,0
01392,RIO BRANCO,9,95,1236,338,331,4,0
01392,RIO BRANCO,9,96,2356,249,247,2,0
01392,RIO BRANCO,9,97,2356,251,251,0,0
01392,RIO BRANCO,9,98,1244,341,340,7,0
01392,RIO BRANCO,9,99,1252,333,322,9,0
01392,RIO BRANCO,9,100,1252,335,330,6,0
01392,RIO BRANCO,9,101,1597,288,284,6,0
01392,RIO BRANCO,9,102,1619,301,294,5,0
01392,RIO BRANCO,9,103,1260,303,297,3,0
01392,RIO BRANCO,9,104,1627,331,331,7,0
01392,RIO BRANCO,9,105,1627,339,337,1,0
01392,RIO BRANCO,9,106,1635,315,308,4,0
01392,RIO BRANCO,9,107,1635,320,316,3,0
01392,RIO BRANCO,9,108,1635,315,310,0,0
01392,RIO BRANCO,9,109,1295,340,338,3,0
01392,RIO BRANCO,9,110,1295,336,336,4,0
01392,RIO BRANCO,9,111,1309,327,312,4,0
01392,RIO BRANCO,9,112,1317,290,280,4,0
01392,RIO BRANCO,9,113,1325,272,270,2,0
01392,RIO BRANCO,9,114,1015,338,331,4,0
01392,RIO BRANCO,9,115,1015,337,330,6,0
01392,RIO BRANCO,9,116,1015,338,328,4,0
01392,RIO BRANCO,9,117,1015,333,319,7,0
01392,RIO BRANCO,9,118,1228,319,313,4,0
01392,RIO BRANCO,9,119,1260,304,294,3,0
01392,RIO BRANCO,9,121,1023,257,256,1,0
01392,RIO BRANCO,9,122,1589,333,333,9,0
01392,RIO BRANCO,9,123,1600,331,324,7,0
01392,RIO BRANCO,9,124,1619,280,275,5,0
01392,RIO BRANCO,9,125,1040,328,328,2,0
01392,RIO BRANCO,9,126,1538,337,329,2,0
01392,RIO BRANCO,9,127,1244,338,338,3,0
01392,RIO BRANCO,9,128,1295,338,335,1,0
01392,RIO BRANCO,9,129,1198,319,317,2,0
01392,RIO BRANCO,9,130,1260,303,298,2,0
01392,RIO BRANCO,9,131,1317,293,283,2,0
01392,RIO BRANCO,9,132,1538,334,318,8,0
01392,RIO BRANCO,9,133,1040,330,328,2,1
01392,RIO BRANCO,9,134,1333,335,323,4,0
01392,RIO BRANCO,9,135,1333,340,330,6,0
01392,RIO BRANCO,9,138,1333,331,324,7,0
01392,RIO BRANCO,9,139,1635,312,305,4,0
01392,RIO BRANCO,9,140,1627,334,333,6,0
01392,RIO BRANCO,9,141,1619,286,274,4,0
01392,RIO BRANCO,9,142,1600,340,317,10,0
01392,RIO BRANCO,9,143,1597,284,280,3,0
01392,RIO BRANCO,9,144,1589,340,338,2,0
01392,RIO BRANCO,9,145,1538,336,322,10,0
01392,RIO BRANCO,9,146,1520,299,287,0,0
01392,RIO BRANCO,9,147,1490,251,240,3,0
01392,RIO BRANCO,9,148,1449,343,342,3,0
01392,RIO BRANCO,9,149,1430,338,327,5,0
01392,RIO BRANCO,9,150,1422,316,315,0,0
01392,RIO BRANCO,9,151,1384,333,332,2,0
01392,RIO BRANCO,9,152,1376,318,302,2,0
01392,RIO BRANCO,9,153,1422,257,248,7,0
01392,RIO BRANCO,9,154,1570,349,334,3,0
01392,RIO BRANCO,9,155,1554,268,268,3,0
01392,RIO BRANCO,9,156,1457,167,160,1,0
01392,RIO BRANCO,9,157,1368,298,294,0,0
01392,RIO BRANCO,9,158,1104,309,296,8,0
01392,RIO BRANCO,9,159,1104,319,295,6,1
01392,RIO BRANCO,9,160,1767,337,327,3,0
01392,RIO BRANCO,9,161,1252,341,339,7,0
01392,RIO BRANCO,9,162,1643,211,211,2,0
01392,RIO BRANCO,9,164,1422,256,247,7,0
01392,RIO BRANCO,9,165,1201,331,331,5,0
01392,RIO BRANCO,9,166,1180,236,232,2,0
01392,RIO BRANCO,9,167,1163,319,306,6,0
01392,RIO BRANCO,9,168,1112,300,294,1,0
01392,RIO BRANCO,9,169,1031,302,293,3,0
01392,RIO BRANCO,9,170,2038,226,194,6,0
01392,RIO BRANCO,9,171,1236,340,328,4,0
01392,RIO BRANCO,9,172,1066,304,304,6,0
01392,RIO BRANCO,9,173,1724,300,293,3,0
01392,RIO BRANCO,9,174,1732,336,318,6,0
01392,RIO BRANCO,9,175,1147,345,341,2,0
01392,RIO BRANCO,9,176,1198,327,325,3,0
01392,RIO BRANCO,9,177,1139,336,335,3,0
01392,RIO BRANCO,9,178,1830,148,147,0,0
01392,RIO BRANCO,9,179,1015,339,332,9,0
01392,RIO BRANCO,9,180,1260,309,304,2,0
01392,RIO BRANCO,9,181,1767,331,325,2,0
01392,RIO BRANCO,9,182,1317,286,277,4,0
01392,RIO BRANCO,9,183,1589,335,333,11,0
01392,RIO BRANCO,9,184,1724,305,296,1,0
01392,RIO BRANCO,9,185,1600,329,312,6,0
01392,RIO BRANCO,9,187,1228,316,306,2,0
01392,RIO BRANCO,9,188,1040,320,317,3,0
01392,RIO BRANCO,9,189,1082,332,324,6,0
01392,RIO BRANCO,9,190,1147,336,333,3,0
01392,RIO BRANCO,9,191,1180,243,243,3,0
01392,RIO BRANCO,9,193,1163,318,315,3,0
01392,RIO BRANCO,9,194,1732,324,307,5,0
01392,RIO BRANCO,9,195,1570,344,337,4,0
01392,RIO BRANCO,9,196,1619,286,278,2,0
01392,RIO BRANCO,9,197,1597,290,283,5,0
01392,RIO BRANCO,9,198,1660,330,317,4,0
01392,RIO BRANCO,9,199,1384,338,335,7,1
01392,RIO BRANCO,9,203,1767,341,328,11,0
01392,RIO BRANCO,9,204,1678,343,334,1,0
01392,RIO BRANCO,9,205,1139,336,335,7,0
01392,RIO BRANCO,9,206,1236,334,329,6,0
01392,RIO BRANCO,9,207,1422,314,314,1,0
01392,RIO BRANCO,9,209,1724,303,294,4,0
01392,RIO BRANCO,9,210,1058,337,334,4,0
01392,RIO BRANCO,9,211,1066,313,312,2,0
01392,RIO BRANCO,9,213,1686,263,248,4,0
01392,RIO BRANCO,9,214,1244,342,342,5,0
01392,RIO BRANCO,9,215,1490,253,241,1,0
01392,RIO BRANCO,9,216,1740,380,376,5,0
01392,RIO BRANCO,9,217,1694,294,292,1,0
01392,RIO BRANCO,9,218,1708,335,335,3,0
01392,RIO BRANCO,9,219,1767,337,326,5,0
01392,RIO BRANCO,9,220,1759,305,283,6,0
01392,RIO BRANCO,9,221,1724,304,299,5,0
01392,RIO BRANCO,9,222,1732,332,313,3,0
01392,RIO BRANCO,9,223,1716,339,337,3,1
01392,RIO BRANCO,9,224,1198,329,327,3,0
01392,RIO BRANCO,9,225,1155,210,182,0,0
01392,RIO BRANCO,9,226,1678,345,336,5,0
01392,RIO BRANCO,9,227,1830,133,118,1,0
01392,RIO BRANCO,9,228,1791,234,234,1,0
01392,RIO BRANCO,9,229,1252,336,331,3,0
01392,RIO BRANCO,9,230,1805,286,271,4,0
01392,RIO BRANCO,9,231,1147,332,326,3,0
01392,RIO BRANCO,9,232,1767,342,327,6,0
01392,RIO BRANCO,9,233,1090,330,316,4,0
01392,RIO BRANCO,9,235,1201,325,317,7,0
01392,RIO BRANCO,9,236,1155,211,199,3,0
01392,RIO BRANCO,9,238,1708,329,329,4,0
01392,RIO BRANCO,9,239,1856,340,331,6,0
01392,RIO BRANCO,9,240,1830,206,187,1,0
01392,RIO BRANCO,9,241,1627,328,303,7,0
01392,RIO BRANCO,9,243,2429,189,189,4,0
01392,RIO BRANCO,9,244,1333,335,326,5,0
01392,RIO BRANCO,9,245,1104,320,299,3,0
01392,RIO BRANCO,9,246,1333,334,327,9,0
01392,RIO BRANCO,9,247,1104,324,300,7,0
01392,RIO BRANCO,9,248,1864,341,331,5,0
01392,RIO BRANCO,9,249,1309,338,317,3,0
01392,RIO BRANCO,9,250,1104,323,310,5,1
01392,RIO BRANCO,9,251,1201,330,329,9,0
01392,RIO BRANCO,9,253,1678,339,330,10,0
01392,RIO BRANCO,9,254,1660,339,327,8,0
01392,RIO BRANCO,9,255,1708,334,334,2,0
01392,RIO BRANCO,9,256,1252,335,334,7,0
01392,RIO BRANCO,9,257,1872,342,339,4,0
01392,RIO BRANCO,9,258,1201,337,333,8,0
01392,RIO BRANCO,9,259,1180,245,245,4,0
01392,RIO BRANCO,9,260,1732,338,320,10,0
01392,RIO BRANCO,9,261,1937,300,284,3,0
01392,RIO BRANCO,9,262,1902,287,258,9,0
01392,RIO BRANCO,9,263,1953,341,327,9,0
01392,RIO BRANCO,9,264,1899,366,357,4,0
01392,RIO BRANCO,9,265,1910,246,224,7,0
01392,RIO BRANCO,9,266,1961,343,330,6,0
01392,RIO BRANCO,9,267,2453,228,194,6,1
01392,RIO BRANCO,9,268,1929,286,286,2,0
01392,RIO BRANCO,9,269,1740,387,379,3,0
01392,RIO BRANCO,9,270,2410,256,248,2,0
01392,RIO BRANCO,9,271,2429,189,171,1,0
01392,RIO BRANCO,9,272,1325,266,262,4,0
01392,RIO BRANCO,9,273,1643,215,199,3,0
01392,RIO BRANCO,9,274,1708,334,334,5,0
01392,RIO BRANCO,9,275,1970,172,160,9,0
01392,RIO BRANCO,9,276,1660,329,320,7,0
01392,RIO BRANCO,9,277,1740,382,371,8,0
01392,RIO BRANCO,9,278,1694,290,284,2,1
01392,RIO BRANCO,9,279,2003,279,279,4,0
01392,RIO BRANCO,9,280,1899,364,355,2,0
01392,RIO BRANCO,9,281,1953,330,311,7,0
01392,RIO BRANCO,9,282,1031,310,303,2,0
01392,RIO BRANCO,9,283,1678,339,328,8,0
01392,RIO BRANCO,9,284,1740,379,371,9,0
01392,RIO BRANCO,9,285,1430,336,320,7,0
01392,RIO BRANCO,9,286,1198,324,312,7,0
01392,RIO BRANCO,9,287,1937,291,278,5,0
01392,RIO BRANCO,9,288,1929,283,283,5,0
01392,RIO BRANCO,9,289,1724,304,297,3,0
01392,RIO BRANCO,9,290,1627,333,314,8,0
01392,RIO BRANCO,9,291,1422,288,284,1,0
01392,RIO BRANCO,9,292,1899,366,358,6,0
01392,RIO BRANCO,9,293,1554,265,237,3,0
01392,RIO BRANCO,9,294,1520,297,290,4,0
01392,RIO BRANCO,9,295,1058,334,328,4,0
01392,RIO BRANCO,9,296,1872,337,330,5,0
01392,RIO BRANCO,9,297,2054,284,279,6,0
01392,RIO BRANCO,9,298,2046,280,261,0,0
01392,RIO BRANCO,9,299,2020,340,331,3,0
01392,RIO BRANCO,9,300,2038,329,302,2,0
01392,RIO BRANCO,9,301,1066,139,139,2,0
01392,RIO BRANCO,9,302,1333,336,328,5,0
01392,RIO BRANCO,9,303,1023,257,257,1,0
01392,RIO BRANCO,9,306,1759,300,287,2,0
01392,RIO BRANCO,9,307,1961,332,314,9,0
01392,RIO BRANCO,9,308,1899,372,362,4,0
01392,RIO BRANCO,9,309,1791,227,208,7,0
01392,RIO BRANCO,9,311,2410,252,245,2,0
01392,RIO BRANCO,9,312,2046,272,245,1,0
01392,RIO BRANCO,9,313,1198,318,312,6,0
01392,RIO BRANCO,9,314,1953,337,320,4,0
01392,RIO BRANCO,9,315,1112,305,299,2,0
01392,RIO BRANCO,9,316,1937,291,289,6,0
01392,RIO BRANCO,9,317,1716,335,287,9,1
01392,RIO BRANCO,9,318,1023,255,255,2,0
01392,RIO BRANCO,9,319,2062,243,243,5,0
01392,RIO BRANCO,9,320,2062,239,239,2,0
01392,RIO BRANCO,9,321,2070,280,255,1,0
01392,RIO BRANCO,9,322,2070,276,256,2,0
01392,RIO BRANCO,9,323,2070,274,264,0,0
01392,RIO BRANCO,9,324,2089,314,312,5,0
01392,RIO BRANCO,9,325,2089,308,301,3,0
01392,RIO BRANCO,9,326,2089,303,296,4,0
01392,RIO BRANCO,9,327,2089,311,308,7,0
01392,RIO BRANCO,9,328,2097,329,309,10,0
01392,RIO BRANCO,9,329,2097,336,315,0,0
01392,RIO BRANCO,9,330,2097,332,301,11,0
01392,RIO BRANCO,9,331,2100,291,278,3,0
01392,RIO BRANCO,9,332,2100,293,287,2,0
01392,RIO BRANCO,9,333,2100,283,272,2,0
01392,RIO BRANCO,9,334,2100,290,277,3,0
01392,RIO BRANCO,9,335,2119,336,325,5,1
01392,RIO BRANCO,9,336,2119,342,331,3,0
01392,RIO BRANCO,9,337,2127,335,326,5,0
01392,RIO BRANCO,9,338,2127,339,326,4,0
01392,RIO BRANCO,9,339,2127,334,324,4,0
01392,RIO BRANCO,9,340,2127,326,318,11,0
01392,RIO BRANCO,9,341,2135,341,334,5,0
01392,RIO BRANCO,9,342,2135,337,326,2,0
01392,RIO BRANCO,9,343,2135,341,331,5,0
01392,RIO BRANCO,9,344,2135,339,324,13,0
01392,RIO BRANCO,9,345,2151,335,326,2,0
01392,RIO BRANCO,9,346,2151,337,327,5,0
01392,RIO BRANCO,9,347,2160,342,342,10,0
01392,RIO BRANCO,9,348,2160,337,337,5,0
01392,RIO BRANCO,9,349,2364,308,304,3,0
01392,RIO BRANCO,9,350,2364,308,306,2,0
01392,RIO BRANCO,9,351,2178,320,308,9,0
01392,RIO BRANCO,9,352,2178,325,313,10,0
01392,RIO BRANCO,9,353,2186,336,330,5,0
01392,RIO BRANCO,9,354,2186,336,336,2,0
01392,RIO BRANCO,9,355,2186,334,332,6,0
01392,RIO BRANCO,9,356,2186,336,334,5,1
01392,RIO BRANCO,9,357,2186,336,335,4,0
01392,RIO BRANCO,9,358,2194,254,232,5,0
01392,RIO BRANCO,9,359,2208,308,308,9,0
01392,RIO BRANCO,9,360,2160,339,339,8,0
01392,RIO BRANCO,9,361,2208,299,298,2,0
01392,RIO BRANCO,9,362,2208,299,299,3,0
01392,RIO BRANCO,9,363,2216,338,333,3,0
01392,RIO BRANCO,9,364,2216,336,324,6,1
01392,RIO BRANCO,9,365,2216,333,322,7,0
01392,RIO BRANCO,9,366,2216,338,330,5,0
01392,RIO BRANCO,9,367,2224,331,314,5,0
01392,RIO BRANCO,9,368,2224,335,307,4,0
01392,RIO BRANCO,9,369,2224,345,319,6,0
01392,RIO BRANCO,9,370,2224,335,319,4,0
01392,RIO BRANCO,9,371,2232,284,233,4,0
01392,RIO BRANCO,9,372,2232,286,228,5,1
01392,RIO BRANCO,9,373,2240,329,308,5,0
01392,RIO BRANCO,9,374,2240,336,318,9,0
01392,RIO BRANCO,9,375,2100,271,258,4,0
01392,RIO BRANCO,9,376,2100,277,265,1,0
01392,RIO BRANCO,9,377,2100,271,258,2,0
01392,RIO BRANCO,9,378,2267,334,323,2,0
01392,RIO BRANCO,9,379,2275,310,300,7,0
01392,RIO BRANCO,9,380,2275,302,293,5,0
01392,RIO BRANCO,9,381,2275,311,303,7,0
01392,RIO BRANCO,9,382,2275,303,295,7,0
01392,RIO BRANCO,9,383,2283,301,291,1,1
01392,RIO BRANCO,9,384,2283,297,278,1,0
01392,RIO BRANCO,9,385,2097,328,296,3,1
01392,RIO BRANCO,9,386,2305,341,328,4,0
01392,RIO BRANCO,9,387,2305,331,324,2,0
01392,RIO BRANCO,9,388,2305,339,330,7,0
01392,RIO BRANCO,9,389,2305,334,325,7,0
01392,RIO BRANCO,9,390,2313,337,326,6,0
01392,RIO BRANCO,9,391,2313,331,325,1,0
01392,RIO BRANCO,9,392,2313,339,328,5,0
01392,RIO BRANCO,9,393,2313,338,322,3,0
01392,RIO BRANCO,9,394,2321,310,289,4,0
01392,RIO BRANCO,9,395,2321,313,284,6,0
01392,RIO BRANCO,9,396,2330,307,294,3,0
01392,RIO BRANCO,9,397,2330,310,295,7,0
01392,RIO BRANCO,9,398,2330,305,294,4,0
01392,RIO BRANCO,9,399,2330,308,292,6,0
01392,RIO BRANCO,9,400,2330,294,276,7,0
01392,RIO BRANCO,9,401,2330,308,287,7,0
01392,RIO BRANCO,9,402,2330,306,292,5,0
01392,RIO BRANCO,9,403,1899,369,359,4,0
01392,RIO BRANCO,9,404,2020,338,330,3,0
01392,RIO BRANCO,9,405,1899,370,355,2,1
01392,RIO BRANCO,9,406,1902,291,249,2,0
01392,RIO BRANCO,9,407,2046,305,289,6,0
01392,RIO BRANCO,9,408,1031,311,298,5,0
01392,RIO BRANCO,9,409,1198,316,311,5,0
01392,RIO BRANCO,9,410,2020,343,330,2,1
01392,RIO BRANCO,9,414,2097,328,274,10,0
01392,RIO BRANCO,9,415,1899,358,349,4,0
01392,RIO BRANCO,9,416,2003,279,244,6,0
01392,RIO BRANCO,9,417,1929,286,262,6,0
01392,RIO BRANCO,9,418,2100,286,278,4,0
01392,RIO BRANCO,9,420,2410,248,238,2,0
01392,RIO BRANCO,9,421,1937,298,282,4,0
01392,RIO BRANCO,9,422,1023,260,211,7,0
01392,RIO BRANCO,9,423,2062,202,171,2,0
01392,RIO BRANCO,9,424,2208,301,227,10,0
01392,RIO BRANCO,9,425,2364,314,225,8,1
01392,RIO BRANCO,9,426,1830,137,120,10,0
01392,RIO BRANCO,9,427,1600,339,272,12,0
01392,RIO BRANCO,9,428,2356,196,168,6,0
01392,RIO BRANCO,9,429,2160,338,256,9,1
01392,RIO BRANCO,9,430,1872,339,262,2,0
01392,RIO BRANCO,9,431,2054,297,213,12,0
01392,RIO BRANCO,9,432,2046,278,207,3,1
01392,RIO BRANCO,9,433,2020,340,251,6,0
01392,RIO BRANCO,9,434,1198,321,247,5,0
01392,RIO BRANCO,9,435,2380,337,261,12,0
01392,RIO BRANCO,9,438,1899,370,338,4,0
01392,RIO BRANCO,9,443,1961,343,231,8,0
01392,RIO BRANCO,9,444,1694,296,255,10,0
01392,RIO BRANCO,9,445,2380,332,194,12,0
01392,RIO BRANCO,9,446,1899,373,245,7,0
01392,RIO BRANCO,9,447,1244,346,276,7,0
01392,RIO BRANCO,9,448,1198,324,223,4,0
01392,RIO BRANCO,9,449,1708,338,195,6,0
01392,RIO BRANCO,9,450,2186,340,236,7,0
01392,RIO BRANCO,9,451,1066,307,236,9,0
01392,RIO BRANCO,9,452,2070,278,204,5,0
01392,RIO BRANCO,9,453,1252,343,180,7,0
01392,RIO BRANCO,9,454,1139,332,289,6,0
01392,RIO BRANCO,9,455,2100,291,241,2,1
01392,RIO BRANCO,9,456,2380,335,230,3,1
01392,RIO BRANCO,9,457,2194,259,238,6,0
01392,RIO BRANCO,9,458,1520,297,239,3,0
01392,RIO BRANCO,9,459,1260,310,281,9,0
01392,RIO BRANCO,9,460,1910,201,194,8,0
01392,RIO BRANCO,9,462,1600,338,285,6,1
01392,RIO BRANCO,9,463,2127,335,294,8,1
01392,RIO BRANCO,9,464,2380,333,333,7,0
01392,RIO BRANCO,9,465,1902,290,290,7,0
01392,RIO BRANCO,9,466,1686,37,37,1,0
01392,RIO BRANCO,9,467,1597,240,240,10,0
01392,RIO BRANCO,9,468,2054,300,300,15,0
01392,RIO BRANCO,9,469,2330,311,311,7,0
01392,RIO BRANCO,9,470,1422,256,256,12,0
01392,RIO BRANCO,9,471,2275,308,308,12,0
01392,RIO BRANCO,9,472,1708,337,337,8,0
01392,RIO BRANCO,9,473,2410,240,240,8,0
01392,RIO BRANCO,9,474,1619,216,216,9,0
01392,RIO BRANCO,9,478,2380,339,339,13,0
01392,RIO BRANCO,9,480,1686,37,37,2,0
01392,RIO BRANCO,9,481,1457,17,17,2,1
01392,RIO BRANCO,9,482,2046,257,257,9,0
01392,RIO BRANCO,9,483,1872,35,35,0,0
01457,SENA MADUREIRA,3,1,1015,271,258,4,1
01457,SENA MADUREIRA,3,2,1023,246,231,2,0
01457,SENA MADUREIRA,3,3,1023,235,224,3,0
01457,SENA MADUREIRA,3,4,1023,243,234,2,0
01457,SENA MADUREIRA,3,5,1031,289,265,4,0
01457,SENA MADUREIRA,3,6,1031,286,259,1,0
01457,SENA MADUREIRA,3,7,1040,294,284,3,0
01457,SENA MADUREIRA,3,8,1040,298,287,6,0
01457,SENA MADUREIRA,3,9,1058,283,273,4,0
01457,SENA MADUREIRA,3,10,1066,302,274,2,0
01457,SENA MADUREIRA,3,11,1066,298,270,9,0
01457,SENA MADUREIRA,3,12,1066,304,273,2,0
01457,SENA MADUREIRA,3,13,1066,270,252,5,0
01457,SENA MADUREIRA,3,14,1082,239,223,0,0
01457,SENA MADUREIRA,3,15,1082,240,219,2,0
01457,SENA MADUREIRA,3,16,1082,235,212,1,0
01457,SENA MADUREIRA,3,17,1090,244,237,5,0
01457,SENA MADUREIRA,3,18,1090,247,240,5,0
01457,SENA MADUREIRA,3,19,1104,216,208,1,0
01457,SENA MADUREIRA,3,20,1104,221,212,8,0
01457,SENA MADUREIRA,3,21,1104,221,210,2,0
01457,SENA MADUREIRA,3,22,1112,265,247,2,0
01457,SENA MADUREIRA,3,23,1120,249,225,2,0
01457,SENA MADUREIRA,3,24,1120,254,231,1,0
01457,SENA MADUREIRA,3,25,1139,227,213,2,0
01457,SENA MADUREIRA,3,26,1139,230,225,3,0
01457,SENA MADUREIRA,3,27,1147,250,237,6,0
01457,SENA MADUREIRA,3,28,1147,251,237,3,0
01457,SENA MADUREIRA,3,29,1155,292,273,3,0
01457,SENA MADUREIRA,3,30,1155,290,272,4,0
01457,SENA MADUREIRA,3,31,1023,245,232,3,0
01457,SENA MADUREIRA,3,32,1171,245,230,3,0
01457,SENA MADUREIRA,3,33,1171,249,232,4,0
01457,SENA MADUREIRA,3,34,1180,286,259,9,0
01457,SENA MADUREIRA,3,35,1180,292,256,7,0
01457,SENA MADUREIRA,3,36,1180,286,257,2,0
01457,SENA MADUREIRA,3,37,1198,215,201,3,0
01457,SENA MADUREIRA,3,38,1198,205,180,1,0
01457,SENA MADUREIRA,3,39,1015,273,255,3,0
01457,SENA MADUREIRA,3,40,1015,270,244,4,1
01457,SENA MADUREIRA,3,53,1112,264,249,6,0
01457,SENA MADUREIRA,3,54,1155,286,265,1,0
01457,SENA MADUREIRA,3,55,1244,262,248,0,0
01457,SENA MADUREIRA,3,56,1244,259,246,3,0
01457,SENA MADUREIRA,3,57,1120,248,223,1,1
01457,SENA MADUREIRA,3,61,1015,275,250,4,0
01457,SENA MADUREIRA,3,62,1520,253,236,2,0
01457,SENA MADUREIRA,3,63,1252,282,266,2,0
01457,SENA MADUREIRA,3,64,1244,258,244,4,0
01457,SENA MADUREIRA,3,66,1112,264,242,5,0
01457,SENA MADUREIRA,3,67,1252,284,269,1,0
01457,SENA MADUREIRA,3,68,1066,303,266,0,0
01457,SENA MADUREIRA,3,69,1112,235,221,3,0
01457,SENA MADUREIRA,3,70,1031,281,263,4,0
01457,SENA MADUREIRA,3,71,1015,269,251,3,0
01457,SENA MADUREIRA,3,73,1066,295,263,2,0
01457,SENA MADUREIRA,3,74,1112,261,243,5,0
01457,SENA MADUREIRA,3,75,1252,279,266,1,0
01457,SENA MADUREIRA,3,78,1120,258,226,1,0
01457,SENA MADUREIRA,3,79,1104,215,203,1,0
01457,SENA MADUREIRA,3,80,1112,261,240,2,0
01457,SENA MADUREIRA,3,81,1023,239,227,1,0
01457,SENA MADUREIRA,3,82,1503,258,238,3,0
01457,SENA MADUREIRA,3,83,1279,299,277,5,0
01457,SENA MADUREIRA,3,84,1503,259,242,5,0
01457,SENA MADUREIRA,3,85,1287,210,210,0,0
01457,SENA MADUREIRA,3,86,1295,245,215,2,0
01457,SENA MADUREIRA,3,90,1252,282,261,5,0
01457,SENA MADUREIRA,3,91,1279,291,270,5,0
01457,SENA MADUREIRA,3,92,1309,284,258,6,0
01457,SENA MADUREIRA,3,93,1155,284,251,5,0
01457,SENA MADUREIRA,3,94,1112,238,218,2,0
01457,SENA MADUREIRA,3,97,1392,240,220,1,0
01457,SENA MADUREIRA,3,98,1341,211,209,2,0
01457,SENA MADUREIRA,3,99,1295,245,220,6,0
01457,SENA MADUREIRA,3,101,1376,276,245,1,0
01457,SENA MADUREIRA,3,103,1384,241,234,0,0
01457,SENA MADUREIRA,3,104,1309,283,256,3,0
01457,SENA MADUREIRA,3,105,1511,279,253,3,0
01457,SENA MADUREIRA,3,106,1023,236,216,1,1
01457,SENA MADUREIRA,3,108,1392,263,244,4,0
01457,SENA MADUREIRA,3,109,1406,298,276,2,0
01457,SENA MADUREIRA,3,110,1309,271,260,4,0
01457,SENA MADUREIRA,3,112,1112,233,229,3,0
01457,SENA MADUREIRA,3,113,1180,284,274,4,0
01457,SENA MADUREIRA,3,114,1112,237,225,2,0
01457,SENA MADUREIRA,3,115,1449,273,269,3,0
01457,SENA MADUREIRA,3,116,1473,267,253,4,0
01457,SENA MADUREIRA,3,117,1430,281,279,4,0
01457,SENA MADUREIRA,3,118,1465,245,238,3,0
01457,SENA MADUREIRA,3,119,1244,257,241,2,0
01457,SENA MADUREIRA,3,120,1457,235,230,7,0
01457,SENA MADUREIRA,3,121,1082,247,242,3,0
01457,SENA MADUREIRA,3,123,1422,312,307,4,0
01457,SENA MADUREIRA,3,127,1392,264,253,4,0
01457,SENA MADUREIRA,3,128,1392,261,244,7,0
01457,SENA MADUREIRA,3,129,1376,238,210,0,0
01457,SENA MADUREIRA,3,131,1082,228,216,0,0
01457,SENA MADUREIRA,3,136,1473,266,247,1,0
01457,SENA MADUREIRA,3,137,1384,235,202,1,0
01457,SENA MADUREIRA,3,138,1295,248,231,2,0
01457,SENA MADUREIRA,3,141,1120,248,244,3,0
01457,SENA MADUREIRA,3,142,1554,307,279,4,0
01457,SENA MADUREIRA,3,144,1139,232,194,3,0
01457,SENA MADUREIRA,3,146,1066,268,246,5,0
01457,SENA MADUREIRA,3,147,1511,285,264,5,0
01457,SENA MADUREIRA,3,148,1341,212,178,5,0
01457,SENA MADUREIRA,3,149,1287,164,151,3,0
01457,SENA MADUREIRA,3,151,1562,120,111,3,0
01457,SENA MADUREIRA,3,155,1031,295,219,11,0
01457,SENA MADUREIRA,3,156,1376,164,149,3,0
01457,SENA MADUREIRA,3,158,1392,274,227,6,0
01457,SENA MADUREIRA,3,159,1295,248,240,8,0
01457,SENA MADUREIRA,3,161,1120,248,237,10,0
01457,SENA MADUREIRA,3,162,1511,281,263,12,0
01457,SENA MADUREIRA,3,163,1171,246,236,3,0
01457,SENA MADUREIRA,3,164,1473,265,249,9,0
01457,SENA MADUREIRA,3,167,1589,58,58,0,0
01457,SENA MADUREIRA,3,168,1570,196,196,6,0
01457,SENA MADUREIRA,3,169,1597,189,189,4,0
01457,SENA MADUREIRA,3,173,1600,314,314,4,0
01473,TARAUACÁ,5,1,1015,335,319,6,0
01473,TARAUACÁ,5,2,1015,333,310,7,0
01473,TARAUACÁ,5,3,1015,333,310,2,0
01473,TARAUACÁ,5,4,1074,284,271,8,0
01473,TARAUACÁ,5,5,1023,294,272,11,0
01473,TARAUACÁ,5,6,1074,285,271,9,0
01473,TARAUACÁ,5,7,1031,324,308,8,0
01473,TARAUACÁ,5,8,1031,328,310,5,0
01473,TARAUACÁ,5,9,1171,277,258,5,0
01473,TARAUACÁ,5,10,1171,275,264,8,0
01473,TARAUACÁ,5,11,1171,275,254,5,0
01473,TARAUACÁ,5,12,1074,287,271,3,0
01473,TARAUACÁ,5,13,1236,310,300,12,0
01473,TARAUACÁ,5,14,1031,336,321,5,0
01473,TARAUACÁ,5,15,1082,286,270,7,0
01473,TARAUACÁ,5,16,1112,210,199,7,0
01473,TARAUACÁ,5,17,1147,270,246,4,0
01473,TARAUACÁ,5,18,1112,212,203,2,0
01473,TARAUACÁ,5,20,1112,212,199,5,0
01473,TARAUACÁ,5,21,1236,310,291,8,0
01473,TARAUACÁ,5,22,1147,271,249,3,0
01473,TARAUACÁ,5,23,1449,233,220,0,0
01473,TARAUACÁ,5,24,1031,332,314,8,0
01473,TARAUACÁ,5,25,1171,273,261,9,0
01473,TARAUACÁ,5,26,1171,277,266,6,0
01473,TARAUACÁ,5,29,1473,147,143,1,0
01473,TARAUACÁ,5,30,1082,290,273,12,0
01473,TARAUACÁ,5,31,1244,164,148,1,0
01473,TARAUACÁ,5,33,1244,161,146,5,0
01473,TARAUACÁ,5,34,1074,283,268,6,0
01473,TARAUACÁ,5,35,1228,176,159,5,0
01473,TARAUACÁ,5,36,1236,312,303,15,0
01473,TARAUACÁ,5,38,1031,332,313,10,0
01473,TARAUACÁ,5,39,1236,312,300,7,0
01473,TARAUACÁ,5,40,1236,312,304,7,0
01473,TARAUACÁ,5,41,1074,282,266,5,0
01473,TARAUACÁ,5,42,1350,331,300,6,0
01473,TARAUACÁ,5,43,1082,290,267,11,0
01473,TARAUACÁ,5,44,1112,207,198,4,0
01473,TARAUACÁ,5,47,1449,222,205,2,0
01473,TARAUACÁ,5,48,1473,217,192,2,0
01473,TARAUACÁ,5,49,1449,221,216,11,0
01473,TARAUACÁ,5,50,1171,269,261,4,0
01473,TARAUACÁ,5,51,1015,330,308,8,0
01473,TARAUACÁ,5,53,1244,160,141,3,0
01473,TARAUACÁ,5,54,1538,252,238,6,0
01473,TARAUACÁ,5,55,1252,306,298,9,0
01473,TARAUACÁ,5,58,1325,214,196,4,0
01473,TARAUACÁ,5,59,1244,159,145,6,0
01473,TARAUACÁ,5,60,1325,216,201,4,0
01473,TARAUACÁ,5,61,1538,250,241,2,0
01473,TARAUACÁ,5,63,1341,222,192,1,0
01473,TARAUACÁ,5,64,1252,309,299,8,0
01473,TARAUACÁ,5,68,1015,329,297,10,0
01473,TARAUACÁ,5,69,1015,331,309,6,0
01473,TARAUACÁ,5,70,1074,283,262,5,0
01473,TARAUACÁ,5,71,1350,319,291,6,0
01473,TARAUACÁ,5,72,1120,265,255,4,0
01473,TARAUACÁ,5,73,1368,177,165,3,0
01473,TARAUACÁ,5,74,1376,228,195,0,0
01473,TARAUACÁ,5,76,1244,161,148,2,0
01473,TARAUACÁ,5,77,1171,266,237,6,0
01473,TARAUACÁ,5,78,1082,285,255,7,0
01473,TARAUACÁ,5,79,1538,249,233,1,0
01473,TARAUACÁ,5,80,1236,308,284,6,0
01473,TARAUACÁ,5,81,1449,219,204,6,0
01473,TARAUACÁ,5,82,1350,322,294,8,0
01473,TARAUACÁ,5,83,1171,269,241,4,0
01473,TARAUACÁ,5,84,1236,309,285,3,0
01473,TARAUACÁ,5,85,1147,268,255,2,0
01473,TARAUACÁ,5,87,1147,264,251,6,0
01473,TARAUACÁ,5,88,1015,329,303,6,0
01473,TARAUACÁ,5,89,1244,160,149,0,0
01473,TARAUACÁ,5,90,1074,277,254,1,0
01473,TARAUACÁ,5,91,1031,323,296,3,0
01473,TARAUACÁ,5,92,1341,215,185,6,0
01473,TARAUACÁ,5,93,1473,226,197,4,0
01473,TARAUACÁ,5,94,1350,321,282,8,0
01473,TARAUACÁ,5,95,1449,216,197,2,0
01473,TARAUACÁ,5,96,1244,160,145,1,0
01473,TARAUACÁ,5,97,1473,128,116,2,0
01473,TARAUACÁ,5,98,1031,335,313,11,0
01473,TARAUACÁ,5,99,1120,266,254,4,0
01473,TARAUACÁ,5,101,1228,178,175,5,1
01473,TARAUACÁ,5,102,1368,174,160,6,0
01473,TARAUACÁ,5,103,1384,221,214,2,0
01473,TARAUACÁ,5,104,1392,198,195,1,0
01473,TARAUACÁ,5,105,1406,158,151,2,0
01473,TARAUACÁ,5,106,1074,276,254,5,0
01473,TARAUACÁ,5,107,1082,284,270,6,1
01473,TARAUACÁ,5,108,1350,319,293,9,0
01473,TARAUACÁ,5,109,1422,117,111,5,0
01473,TARAUACÁ,5,110,1244,162,150,2,0
01473,TARAUACÁ,5,111,1430,292,286,5,0
01473,TARAUACÁ,5,114,1252,304,302,10,0
01473,TARAUACÁ,5,115,1538,247,229,1,0
01473,TARAUACÁ,5,116,1015,326,298,10,0
01473,TARAUACÁ,5,117,1350,323,293,2,0
01473,TARAUACÁ,5,119,1449,215,206,1,0
01473,TARAUACÁ,5,120,1430,290,290,6,0
01473,TARAUACÁ,5,121,1538,246,241,5,0
01473,TARAUACÁ,5,124,1449,215,208,2,0
01473,TARAUACÁ,5,127,1449,218,211,5,0
01473,TARAUACÁ,5,128,1430,291,214,11,0
01473,TARAUACÁ,5,129,1538,248,192,7,0
01473,TARAUACÁ,5,130,1252,304,211,12,0
01473,TARAUACÁ,5,132,1473,111,105,3,0
01473,TARAUACÁ,5,133,1481,256,181,6,0
01473,TARAUACÁ,5,134,1465,327,253,8,0
01473,TARAUACÁ,5,135,1392,207,204,5,0
01473,TARAUACÁ,5,136,1449,224,160,8,0
01473,TARAUACÁ,5,139,1511,16,16,0,0
01473,TARAUACÁ,5,140,1473,115,115,7,0
01473,TARAUACÁ,5,141,1341,154,154,9,0
01473,TARAUACÁ,5,143,1538,248,248,11,0
01473,TARAUACÁ,5,144,1350,328,328,33,1
01473,TARAUACÁ,5,145,1481,191,191,18,0
01473,TARAUACÁ,5,146,1465,175,175,14,0
01473,TARAUACÁ,5,147,1376,42,42,1,0
01473,TARAUACÁ,5,148,1031,109,109,8,0
01473,TARAUACÁ,5,149,1430,8,8,0,0
01490,XAPURI,2,1,1015,215,210,1,0
01490,XAPURI,2,2,1015,217,213,4,0
01490,XAPURI,2,3,1015,219,211,3,0
01490,XAPURI,2,4,1015,216,206,2,0
01490,XAPURI,2,5,1252,116,116,0,0
01490,XAPURI,2,6,1031,262,248,4,0
01490,XAPURI,2,7,1031,270,254,0,1
01490,XAPURI,2,8,1031,267,249,2,0
01490,XAPURI,2,9,1031,261,244,5,0
01490,XAPURI,2,10,1252,117,117,1,0
01490,XAPURI,2,11,1015,217,206,1,0
01490,XAPURI,2,12,1287,162,154,4,0
01490,XAPURI,2,13,1074,131,131,0,0
01490,XAPURI,2,14,1074,136,136,1,0
01490,XAPURI,2,15,1074,135,135,0,0
01490,XAPURI,2,16,1139,179,179,0,0
01490,XAPURI,2,17,1015,219,212,0,0
01490,XAPURI,2,18,1031,264,252,1,0
01490,XAPURI,2,19,1139,184,184,4,0
01490,XAPURI,2,20,1015,217,205,1,0
01490,XAPURI,2,21,1252,116,115,0,0
01490,XAPURI,2,22,1252,114,112,3,0
01490,XAPURI,2,23,1155,120,120,0,0
01490,XAPURI,2,24,1155,104,102,0,0
01490,XAPURI,2,25,1082,255,242,3,2
01490,XAPURI,2,26,1082,251,235,3,0
01490,XAPURI,2,27,1082,252,241,1,0
01490,XAPURI,2,28,1287,159,151,0,0
01490,XAPURI,2,29,1082,257,243,2,0
01490,XAPURI,2,30,1074,133,131,1,0
01490,XAPURI,2,31,1082,256,236,1,0
01490,XAPURI,2,32,1171,137,128,2,0
01490,XAPURI,2,33,1180,101,99,0,0
01490,XAPURI,2,34,1198,168,164,2,0
01490,XAPURI,2,35,1201,223,214,3,0
01490,XAPURI,2,36,1210,152,145,1,0
01490,XAPURI,2,37,1228,100,100,1,0
01490,XAPURI,2,38,1228,109,105,2,0
01490,XAPURI,2,39,1201,224,207,0,0
01490,XAPURI,2,40,1171,137,127,1,0
01490,XAPURI,2,41,1082,257,237,1,0
01490,XAPURI,2,42,1031,264,250,2,0
01490,XAPURI,2,43,1074,137,129,1,0
01490,XAPURI,2,44,1180,100,95,1,0
01490,XAPURI,2,45,1279,262,247,2,0
01490,XAPURI,2,46,1236,264,254,1,0
01490,XAPURI,2,47,1155,100,98,0,0
01490,XAPURI,2,48,1287,159,154,2,1
01490,XAPURI,2,49,1252,117,115,0,0
01490,XAPURI,2,50,1260,190,190,2,0
01490,XAPURI,2,51,1244,242,227,2,0
01490,XAPURI,2,52,1260,178,178,1,0
01490,XAPURI,2,53,1082,259,244,2,0
01490,XAPURI,2,54,1082,256,246,1,0
01490,XAPURI,2,55,1279,261,245,7,0
01490,XAPURI,2,56,1252,119,109,2,0
01490,XAPURI,2,57,1236,266,255,2,0
01490,XAPURI,2,58,1279,260,244,4,0
01490,XAPURI,2,59,1287,161,157,0,0
01490,XAPURI,2,60,1279,262,251,1,0
01490,XAPURI,2,61,1082,253,241,4,0
01490,XAPURI,2,62,1031,258,238,2,0
01490,XAPURI,2,63,1074,137,131,1,0
01490,XAPURI,2,64,1244,248,236,7,0
01490,XAPURI,2,108,1279,267,232,2,0
01490,XAPURI,2,110,1295,129,119,0,0
01490,XAPURI,2,113,1309,8,8,0,0
01511,PLÁCIDO DE CASTRO,8,1,1040,94,93,0,0
01511,PLÁCIDO DE CASTRO,8,2,1546,237,223,4,0
01511,PLÁCIDO DE CASTRO,8,3,1023,222,218,3,0
01511,PLÁCIDO DE CASTRO,8,4,1023,220,210,4,0
01511,PLÁCIDO DE CASTRO,8,5,1031,248,231,2,0
01511,PLÁCIDO DE CASTRO,8,6,1040,71,68,0,0
01511,PLÁCIDO DE CASTRO,8,7,1058,128,120,1,0
01511,PLÁCIDO DE CASTRO,8,10,1074,189,178,1,0
01511,PLÁCIDO DE CASTRO,8,11,1082,260,241,5,0
01511,PLÁCIDO DE CASTRO,8,13,1104,248,235,2,0
01511,PLÁCIDO DE CASTRO,8,14,1104,242,223,2,0
01511,PLÁCIDO DE CASTRO,8,15,1104,246,220,2,0
01511,PLÁCIDO DE CASTRO,8,16,1112,282,263,2,0
01511,PLÁCIDO DE CASTRO,8,17,1112,272,252,5,0
01511,PLÁCIDO DE CASTRO,8,18,1546,232,222,5,0
01511,PLÁCIDO DE CASTRO,8,23,1155,334,303,4,0
01511,PLÁCIDO DE CASTRO,8,24,1104,246,231,2,0
01511,PLÁCIDO DE CASTRO,8,42,1058,128,121,2,0
01511,PLÁCIDO DE CASTRO,8,43,1724,159,152,3,0
01511,PLÁCIDO DE CASTRO,8,45,1074,187,180,2,0
01511,PLÁCIDO DE CASTRO,8,46,1660,170,165,1,0
01511,PLÁCIDO DE CASTRO,8,51,1619,89,88,3,0
01511,PLÁCIDO DE CASTRO,8,52,1082,265,250,2,0
01511,PLÁCIDO DE CASTRO,8,54,1627,121,119,2,0
01511,PLÁCIDO DE CASTRO,8,55,1546,237,224,3,0
01511,PLÁCIDO DE CASTRO,8,61,1724,151,145,0,0
01511,PLÁCIDO DE CASTRO,8,66,1660,179,179,2,0
01511,PLÁCIDO DE CASTRO,8,75,1082,260,237,0,0
01511,PLÁCIDO DE CASTRO,8,76,1546,235,221,4,0
01511,PLÁCIDO DE CASTRO,8,80,1031,248,230,3,0
01511,PLÁCIDO DE CASTRO,8,81,1546,229,214,5,0
01511,PLÁCIDO DE CASTRO,8,86,1112,277,253,7,0
01511,PLÁCIDO DE CASTRO,8,87,1627,118,113,0,0
01511,PLÁCIDO DE CASTRO,8,96,1600,147,133,2,0
01511,PLÁCIDO DE CASTRO,8,111,1627,122,118,2,0
01511,PLÁCIDO DE CASTRO,8,112,1082,262,242,5,0
01511,PLÁCIDO DE CASTRO,8,113,1546,233,219,0,0
01511,PLÁCIDO DE CASTRO,8,114,1112,277,256,4,0
01511,PLÁCIDO DE CASTRO,8,121,1600,147,135,3,0
01511,PLÁCIDO DE CASTRO,8,128,1546,233,223,2,0
01511,PLÁCIDO DE CASTRO,8,137,1074,190,180,8,0
01511,PLÁCIDO DE CASTRO,8,138,1112,273,247,2,0
01511,PLÁCIDO DE CASTRO,8,141,1058,126,117,3,0
01511,PLÁCIDO DE CASTRO,8,144,1619,92,89,0,0
01511,PLÁCIDO DE CASTRO,8,151,1562,200,186,1,0
01511,PLÁCIDO DE CASTRO,8,155,1589,193,193,1,0
01511,PLÁCIDO DE CASTRO,8,156,1570,217,205,2,0
01511,PLÁCIDO DE CASTRO,8,165,1597,159,148,3,0
01511,PLÁCIDO DE CASTRO,8,173,1600,143,143,2,0
01511,PLÁCIDO DE CASTRO,8,183,1627,122,120,1,0
01511,PLÁCIDO DE CASTRO,8,184,1619,91,87,0,0
01511,PLÁCIDO DE CASTRO,8,189,1031,91,91,2,0
01511,PLÁCIDO DE CASTRO,8,201,1589,195,195,4,0
01511,PLÁCIDO DE CASTRO,8,202,1104,245,221,2,0
01511,PLÁCIDO DE CASTRO,8,203,1570,218,202,0,0
01511,PLÁCIDO DE CASTRO,8,211,1694,135,130,0,0
01511,PLÁCIDO DE CASTRO,8,216,1040,14,14,1,0
01511,PLÁCIDO DE CASTRO,8,228,1040,16,14,0,0
01511,PLÁCIDO DE CASTRO,8,234,1562,200,184,3,0
01511,PLÁCIDO DE CASTRO,8,236,1597,162,151,1,0
01511,PLÁCIDO DE CASTRO,8,252,1600,150,150,4,0
01511,PLÁCIDO DE CASTRO,8,253,1074,195,185,4,0
01511,PLÁCIDO DE CASTRO,8,255,1040,14,14,0,0
01511,PLÁCIDO DE CASTRO,8,259,1589,195,161,3,0
01511,PLÁCIDO DE CASTRO,8,263,1104,243,219,5,0
01511,PLÁCIDO DE CASTRO,8,269,1724,96,90,3,0
01511,PLÁCIDO DE CASTRO,8,271,1660,16,16,0,0
01511,PLÁCIDO DE CASTRO,8,279,1155,69,69,3,0
01538,SENADOR GUIOMARD,8,25,1015,273,260,4,0
01538,SENADOR GUIOMARD,8,26,1040,77,77,0,0
01538,SENADOR GUIOMARD,8,27,1023,119,119,0,0
01538,SENADOR GUIOMARD,8,28,1031,265,258,2,0
01538,SENADOR GUIOMARD,8,29,1040,148,148,0,0
01538,SENADOR GUIOMARD,8,30,1031,262,258,3,0
01538,SENADOR GUIOMARD,8,31,1066,239,232,4,0
01538,SENADOR GUIOMARD,8,32,1074,216,203,1,0
01538,SENADOR GUIOMARD,8,33,1082,284,271,2,0
01538,SENADOR GUIOMARD,8,34,1082,285,272,2,0
01538,SENADOR GUIOMARD,8,35,1090,219,206,1,0
01538,SENADOR GUIOMARD,8,36,1090,218,211,1,0
01538,SENADOR GUIOMARD,8,39,1031,257,254,1,0
01538,SENADOR GUIOMARD,8,40,1074,218,209,1,0
01538,SENADOR GUIOMARD,8,41,1082,278,267,1,0
01538,SENADOR GUIOMARD,8,44,1031,254,250,3,0
01538,SENADOR GUIOMARD,8,49,1333,157,157,1,0
01538,SENADOR GUIOMARD,8,50,1147,204,193,2,0
01538,SENADOR GUIOMARD,8,53,1040,138,137,0,0
01538,SENADOR GUIOMARD,8,56,1023,108,105,0,0
01538,SENADOR GUIOMARD,8,57,1074,211,201,0,0
01538,SENADOR GUIOMARD,8,62,1481,311,291,4,0
01538,SENADOR GUIOMARD,8,63,1074,217,206,2,0
01538,SENADOR GUIOMARD,8,67,1155,252,238,6,0
01538,SENADOR GUIOMARD,8,68,1074,221,206,0,0
01538,SENADOR GUIOMARD,8,69,1163,207,196,2,0
01538,SENADOR GUIOMARD,8,70,1171,146,145,0,0
01538,SENADOR GUIOMARD,8,73,1155,255,243,1,0
01538,SENADOR GUIOMARD,8,78,1430,82,82,1,0
01538,SENADOR GUIOMARD,8,79,1252,107,105,4,0
01538,SENADOR GUIOMARD,8,82,1155,256,244,4,0
01538,SENADOR GUIOMARD,8,90,1155,249,234,2,0
01538,SENADOR GUIOMARD,8,91,1155,250,238,1,0
01538,SENADOR GUIOMARD,8,92,1406,180,176,0,0
01538,SENADOR GUIOMARD,8,97,1481,331,305,4,0
01538,SENADOR GUIOMARD,8,98,1252,148,148,0,0
01538,SENADOR GUIOMARD,8,100,1163,211,205,1,0
01538,SENADOR GUIOMARD,8,104,1392,192,184,2,0
01538,SENADOR GUIOMARD,8,116,1066,234,224,2,0
01538,SENADOR GUIOMARD,8,118,1074,218,209,1,0
01538,SENADOR GUIOMARD,8,119,1090,221,215,2,0
01538,SENADOR GUIOMARD,8,126,1252,154,154,1,0
01538,SENADOR GUIOMARD,8,127,1376,129,126,0,0
01538,SENADOR GUIOMARD,8,130,1481,134,132,1,0
01538,SENADOR GUIOMARD,8,131,1066,230,220,2,0
01538,SENADOR GUIOMARD,8,134,1139,215,209,2,0
01538,SENADOR GUIOMARD,8,149,1228,184,184,0,0
01538,SENADOR GUIOMARD,8,152,1236,224,224,3,0
01538,SENADOR GUIOMARD,8,153,1368,195,189,1,0
01538,SENADOR GUIOMARD,8,154,1210,236,225,5,0
01538,SENADOR GUIOMARD,8,161,1260,214,206,1,0
01538,SENADOR GUIOMARD,8,166,1430,76,68,1,0
01538,SENADOR GUIOMARD,8,167,1317,221,221,2,0
01538,SENADOR GUIOMARD,8,168,1295,175,171,2,0
01538,SENADOR GUIOMARD,8,172,1309,229,223,2,0
01538,SENADOR GUIOMARD,8,174,1430,81,79,0,0
01538,SENADOR GUIOMARD,8,175,1171,143,139,2,0
01538,SENADOR GUIOMARD,8,187,1333,152,150,0,0
01538,SENADOR GUIOMARD,8,188,1023,101,95,2,0
01538,SENADOR GUIOMARD,8,192,1040,74,73,1,0
01538,SENADOR GUIOMARD,8,200,1210,244,224,1,0
01538,SENADOR GUIOMARD,8,204,1082,281,263,1,0
01538,SENADOR GUIOMARD,8,206,1023,102,98,1,0
01538,SENADOR GUIOMARD,8,207,1244,79,78,0,0
01538,SENADOR GUIOMARD,8,208,1392,193,187,3,0
01538,SENADOR GUIOMARD,8,210,1430,103,103,1,0
01538,SENADOR GUIOMARD,8,212,1406,181,170,4,0
01538,SENADOR GUIOMARD,8,213,1376,82,81,1,0
01538,SENADOR GUIOMARD,8,214,1481,138,131,1,0
01538,SENADOR GUIOMARD,8,219,1481,311,291,2,0
01538,SENADOR GUIOMARD,8,220,1139,212,207,1,0
01538,SENADOR GUIOMARD,8,221,1228,180,180,1,0
01538,SENADOR GUIOMARD,8,222,1210,240,227,4,0
01538,SENADOR GUIOMARD,8,223,1236,214,191,3,0
01538,SENADOR GUIOMARD,8,225,1309,227,219,5,0
01538,SENADOR GUIOMARD,8,226,1066,231,217,1,0
01538,SENADOR GUIOMARD,8,227,1090,220,219,3,0
01538,SENADOR GUIOMARD,8,229,1040,131,122,1,0
01538,SENADOR GUIOMARD,8,239,1163,205,190,4,0
01538,SENADOR GUIOMARD,8,241,1155,254,247,3,0
01538,SENADOR GUIOMARD,8,242,1430,136,136,0,0
01538,SENADOR GUIOMARD,8,243,1090,221,209,4,0
01538,SENADOR GUIOMARD,8,244,1210,243,231,3,0
01538,SENADOR GUIOMARD,8,246,1449,132,126,5,0
01538,SENADOR GUIOMARD,8,247,1090,216,203,1,0
01538,SENADOR GUIOMARD,8,248,1317,221,203,0,0
01538,SENADOR GUIOMARD,8,249,1252,139,105,0,0
01538,SENADOR GUIOMARD,8,250,1333,158,143,2,1
01538,SENADOR GUIOMARD,8,251,1430,81,77,0,0
01538,SENADOR GUIOMARD,8,264,1430,83,83,1,0
01538,SENADOR GUIOMARD,8,265,1457,175,166,6,0
01538,SENADOR GUIOMARD,8,266,1228,186,150,3,0
01538,SENADOR GUIOMARD,8,268,1031,264,153,6,1
01538,SENADOR GUIOMARD,8,270,1139,187,166,3,0
01538,SENADOR GUIOMARD,8,275,1031,260,260,7,0
01538,SENADOR GUIOMARD,8,276,1163,85,85,2,0
01538,SENADOR GUIOMARD,8,277,1481,137,137,5,0
01538,SENADOR GUIOMARD,8,278,1317,33,33,2,0
01554,MANOEL URBANO,3,41,1228,316,294,6,0
01554,MANOEL URBANO,3,42,1228,314,305,2,0
01554,MANOEL URBANO,3,43,1244,283,264,5,0
01554,MANOEL URBANO,3,44,1244,279,267,6,0
01554,MANOEL URBANO,3,45,1244,282,268,1,0
01554,MANOEL URBANO,3,46,1244,277,262,3,0
01554,MANOEL URBANO,3,47,1252,290,275,2,0
01554,MANOEL URBANO,3,48,1252,293,283,2,0
01554,MANOEL URBANO,3,49,1260,293,280,0,0
01554,MANOEL URBANO,3,50,1260,284,275,2,0
01554,MANOEL URBANO,3,51,1279,259,252,4,0
01554,MANOEL URBANO,3,52,1279,263,255,2,0
01554,MANOEL URBANO,3,59,1244,282,268,1,0
01554,MANOEL URBANO,3,89,1252,289,277,4,0
01554,MANOEL URBANO,3,100,1287,234,208,0,0
01554,MANOEL URBANO,3,102,1295,106,100,0,0
01554,MANOEL URBANO,3,107,1252,290,270,3,0
01554,MANOEL URBANO,3,111,1244,276,258,3,0
01554,MANOEL URBANO,3,126,1309,275,274,0,0
01554,MANOEL URBANO,3,130,1309,274,273,1,0
01554,MANOEL URBANO,3,132,1244,277,273,2,0
01554,MANOEL URBANO,3,135,1228,316,303,2,0
01554,MANOEL URBANO,3,139,1260,290,284,5,0
01554,MANOEL URBANO,3,145,1228,310,296,3,0
01554,MANOEL URBANO,3,150,1228,314,242,5,0
01554,MANOEL URBANO,3,153,1260,289,248,6,0
01554,MANOEL URBANO,3,154,1244,281,194,2,0
01554,MANOEL URBANO,3,160,1287,232,211,2,0
01554,MANOEL URBANO,3,165,1279,259,259,4,0
01554,MANOEL URBANO,3,166,1228,316,316,2,0
01554,MANOEL URBANO,3,171,1309,278,278,6,0
01570,ASSIS BRASIL,6,27,1015,253,242,4,0
01570,ASSIS BRASIL,6,28,1015,252,242,5,0
01570,ASSIS BRASIL,6,29,1023,314,299,3,0
01570,ASSIS BRASIL,6,30,1031,277,258,4,0
01570,ASSIS BRASIL,6,31,1031,278,262,9,0
01570,ASSIS BRASIL,6,36,1015,254,253,2,0
01570,ASSIS BRASIL,6,37,1031,275,261,5,0
01570,ASSIS BRASIL,6,43,1031,278,265,1,0
01570,ASSIS BRASIL,6,52,1031,277,256,1,0
01570,ASSIS BRASIL,6,66,1228,374,365,5,0
01570,ASSIS BRASIL,6,73,1023,309,298,6,0
01570,ASSIS BRASIL,6,78,1244,188,180,1,0
01570,ASSIS BRASIL,6,79,1236,254,238,1,0
01570,ASSIS BRASIL,6,90,1031,281,259,2,0
01570,ASSIS BRASIL,6,93,1279,343,329,4,0
01570,ASSIS BRASIL,6,95,1015,259,258,2,0
01570,ASSIS BRASIL,6,104,1309,206,169,0,0
01570,ASSIS BRASIL,6,108,1317,188,165,4,0
01570,ASSIS BRASIL,6,114,1325,147,134,7,0
01570,ASSIS BRASIL,6,115,1333,90,85,3,0
01570,ASSIS BRASIL,6,129,1228,372,358,6,0
01570,ASSIS BRASIL,6,130,1023,310,300,4,0
01570,ASSIS BRASIL,6,149,1341,266,241,9,0
01570,ASSIS BRASIL,6,150,1350,272,141,1,0
01570,ASSIS BRASIL,6,154,1244,190,181,6,0
01570,ASSIS BRASIL,6,158,1309,202,189,1,0
01570,ASSIS BRASIL,6,161,1350,311,308,9,0
01570,ASSIS BRASIL,6,169,1350,270,269,11,0
